"","V1"
"1","Number of Rules : 56"
"2","Rule: 1"
"3","IF"
"4","	phosphoric_acid_flow > 0.65"
"5","	spare_dosing_pump_flow <= 1.45"
"6","	dissolved_oxygen_at_stn3 > 2.096"
"7","THEN"
"8","interpolated_acetic = "
"9","	-0.5807 * vessel "
"10","	- 0.0372 * harvest_flow "
"11","	+ 1.3253 * pH_at_stn5 "
"12","	+ 0.1552 * pH_at_stn1 "
"13","	- 0.3045 * CH4_in_offgas "
"14","	+ 0.0747 * LEL_in_offgas "
"15","	+ 0.0696 * dissolved_oxygen_at_stn1 "
"16","	+ 0.0538 * dissolved_oxygen_at_stn2 "
"17","	- 0.0209 * dissolved_oxygen_at_stn3 "
"18","	- 0.0188 * dissolved_oxygen_at_stn4 "
"19","	+ 0.0166 * dissolved_oxygen_at_stn5 "
"20","	- 0.0188 * methane_flow_stn1 "
"21","	+ 0.0413 * methane_flow_stn3 "
"22","	+ 0.0118 * methane_flow_stn4 "
"23","	- 0.0492 * oxygen_flow_stn1 "
"24","	- 0.0172 * oxygen_flow_stn3 "
"25","	- 0.0062 * NH3_online_reading "
"26","	- 0.0522 * optical_density "
"27","	- 0.4831 * ammonia_pump_flow_1 "
"28","	+ 0.0234 * ammonia_pump_flow_2 "
"29","	- 0.0077 * Cooling_Loop_A_Broth_Return_to_Fermenter_mixer_ "
"30","	+ 0.0007 * Cooling_Water_Return_for_Temped_System "
"31","	- 0.0013 * Cooling_loop_A_valve_opening "
"32","	+ 0.0026 * Cooling_loop_B_valve_opening "
"33","	+ 0.2131 * oxygen_pressure_to_fermentor_loop_mixture "
"34","	- 0.3245 * phosphoric_acid_flow "
"35","	- 0.021 * magnesium.potassium_flow "
"36","	+ 0.1752 * spare_dosing_pump_flow "
"37","	+ 0.0068 * Methane_totalier "
"38","	+ 0.0238 * oxygen_totaliser "
"39","	- 0.0059 * Fermentor_fliud_to_ammonia_._OD_meter_L.h "
"40","	- 0.1628 * O2_Ch4_ratio.staion1 "
"41","	+ 0.0164 * O2_Ch4_ratio.staion4 "
"42","	+ 0.0254 * O2_Ch4_ratio.staion5 "
"43","	- 0.0398 * Final.OD "
"44","	+ 0.0833 * DCW.CPI..g.L. "
"45","	- 0.0058 * NH4.Offline..ppm. "
"46","	- 0.01 * K..ppm. "
"47","	- 0.0711 * LEL.... "
"48","	- 0.1434 * Offline.pH "
"49","	+ 0.022 * Productivity..kg.DCW.h. "
"50","	- 0.0285 * NH4.Productivity..kg.DCW.h. "
"51","	+ 20.464 [70/2.5%]"
"52","Rule: 2"
"53","IF"
"54","	O2_Ch4_ratio.staion5 <= 0.345"
"55","	NH4.Productivity..kg.DCW.h. > 3.376"
"56","	dissolved_oxygen_at_stn2 > 0.75"
"57","	NH4.Offline..ppm. > 1.807"
"58","	K..ppm. > 37.068"
"59","THEN"
"60","interpolated_acetic = "
"61","	-0.1025 * vessel "
"62","	- 0.0377 * Level_on_the_seperator "
"63","	- 0.2027 * harvest_flow "
"64","	+ 0.072 * pH_at_stn5 "
"65","	+ 2.9587 * pH_at_stn1 "
"66","	+ 0.0508 * CH4_in_offgas "
"67","	+ 0.2165 * CO2_in_offgas "
"68","	+ 0.0087 * LEL_in_offgas "
"69","	- 0.0914 * dissolved_oxygen_at_stn1 "
"70","	+ 0.0294 * dissolved_oxygen_at_stn2 "
"71","	- 0.017 * dissolved_oxygen_at_stn3 "
"72","	+ 0.0873 * dissolved_oxygen_at_stn4 "
"73","	+ 0.0008 * dissolved_oxygen_at_stn5 "
"74","	+ 0.0379 * methane_flow_stn1 "
"75","	+ 0.1082 * methane_flow_stn3 "
"76","	+ 0.0247 * methane_flow_stn4 "
"77","	- 0.042 * oxygen_flow_stn1 "
"78","	- 0.0025 * oxygen_flow_stn2 "
"79","	- 0.0112 * oxygen_flow_stn3 "
"80","	+ 0.0236 * oxygen_flow_stn4 "
"81","	- 0.0036 * NH3_online_reading "
"82","	- 0.2299 * optical_density "
"83","	- 0.0903 * ammonia_pump_flow_1 "
"84","	- 0.1115 * ammonia_pump_flow_2 "
"85","	- 0.005 * Cooling_Loop_A_Broth_Return_to_Fermenter_mixer_ "
"86","	- 0.002 * Cooling_Water_Return_for_Temped_System "
"87","	+ 0.0005 * Cooling_loop_A_valve_opening "
"88","	+ 0.0015 * Cooling_loop_B_valve_opening "
"89","	+ 0.0899 * oxygen_pressure_to_fermentor_loop_mixture "
"90","	- 0.3249 * phosphoric_acid_flow "
"91","	- 0.0473 * trace_elements_flow "
"92","	- 0.0184 * magnesium.potassium_flow "
"93","	+ 0.032 * spare_dosing_pump_flow "
"94","	- 0.006 * Methane_totalier "
"95","	+ 0.0034 * oxygen_totaliser "
"96","	+ 0.0015 * Fermentor_fliud_to_ammonia_._OD_meter_L.h "
"97","	+ 0.1017 * O2_Ch4_ratio.staion1 "
"98","	- 0.0023 * O2_Ch4_ratio.staion4 "
"99","	+ 0.0221 * O2_Ch4_ratio.staion5 "
"100","	- 0.0201 * Final.OD "
"101","	+ 0.0079 * DCW.CPI..g.L. "
"102","	- 0.0255 * NH4.Offline..ppm. "
"103","	- 0.0079 * K..ppm. "
"104","	- 0.0208 * LEL.... "
"105","	+ 0.0757 * Productivity..kg.DCW.h. "
"106","	- 0.0533 * NH4.Productivity..kg.DCW.h. "
"107","	- 11.9047 [68/3.61%]"
"108","Rule: 3"
"109","IF"
"110","	O2_Ch4_ratio.staion5 <= 0.345"
"111","	O2_Ch4_ratio.staion1 > 1.482"
"112","	DCW.CPI..g.L. <= 6.483"
"113","THEN"
"114","interpolated_acetic = "
"115","	-0.0672 * vessel "
"116","	- 0.0068 * Level_on_the_seperator "
"117","	+ 0.2139 * harvest_flow "
"118","	+ 0.1368 * pH_at_stn5 "
"119","	+ 0.094 * pH_at_stn3 "
"120","	+ 0.1066 * CH4_in_offgas "
"121","	- 0.0074 * CO2_in_offgas "
"122","	- 0.0347 * LEL_in_offgas "
"123","	+ 0.0563 * dissolved_oxygen_at_stn1 "
"124","	+ 0.0326 * dissolved_oxygen_at_stn2 "
"125","	+ 0.0259 * dissolved_oxygen_at_stn3 "
"126","	- 0.0097 * dissolved_oxygen_at_stn4 "
"127","	+ 0.0008 * dissolved_oxygen_at_stn5 "
"128","	+ 0.0081 * methane_flow_stn1 "
"129","	+ 0.0864 * methane_flow_stn3 "
"130","	+ 0.0601 * methane_flow_stn4 "
"131","	- 0.0107 * oxygen_flow_stn1 "
"132","	- 0.0051 * oxygen_flow_stn2 "
"133","	- 0.0435 * oxygen_flow_stn3 "
"134","	+ 0.0057 * NH3_online_reading "
"135","	- 0.0606 * optical_density "
"136","	- 0.0405 * ammonia_pump_flow_1 "
"137","	- 0.3037 * ammonia_pump_flow_2 "
"138","	+ 0.0942 * Cooling_Loop_A_Broth_Return_to_Fermenter_mixer_ "
"139","	- 0.1434 * Tempered_Water_Temperature_before_Temped_water_cooler "
"140","	+ 0.0296 * Cooling_Water_Return_for_Temped_System "
"141","	- 0.0006 * Cooling_loop_A_valve_opening "
"142","	+ 0.0022 * Cooling_loop_B_valve_opening "
"143","	- 0.1721 * oxygen_pressure_to_fermentor_loop_mixture "
"144","	- 0.4335 * phosphoric_acid_flow "
"145","	- 0.0237 * sodium_hydroxide_flow "
"146","	- 0.0494 * trace_elements_flow "
"147","	+ 0.2296 * calcium_chloride_flow "
"148","	- 0.1655 * magnesium.potassium_flow "
"149","	+ 0.1114 * spare_dosing_pump_flow "
"150","	+ 0.0372 * Methane_totalier "
"151","	+ 0.003 * oxygen_totaliser "
"152","	- 0.0009 * Fermentor_fliud_to_ammonia_._OD_meter_L.h "
"153","	+ 0.0645 * O2_Ch4_ratio.staion1 "
"154","	- 0.0343 * O2_Ch4_ratio.staion2 "
"155","	- 0.3093 * O2_Ch4_ratio.staion3 "
"156","	- 0.0349 * O2_Ch4_ratio.staion4 "
"157","	+ 0.0216 * O2_Ch4_ratio.staion5 "
"158","	- 0 * Final.OD "
"159","	+ 0.0673 * DCW.CPI..g.L. "
"160","	+ 0.0069 * NH4.Offline..ppm. "
"161","	+ 0.0002 * K..ppm. "
"162","	- 0.0034 * LEL.... "
"163","	- 0.0106 * Offline.pH "
"164","	+ 0.0001 * NH4.Productivity..kg.DCW.h. "
"165","	+ 4.562 [73/4.66%]"
"166","Rule: 4"
"167","IF"
"168","	O2_Ch4_ratio.staion5 <= 0.345"
"169","	dissolved_oxygen_at_stn5 > 0.85"
"170","	dissolved_oxygen_at_stn1 <= 0.85"
"171","	O2_Ch4_ratio.staion1 <= 1.49"
"172","	NH3_online_reading <= 16.65"
"173","	DCW.CPI..g.L. > 8.56"
"174","THEN"
"175","interpolated_acetic = "
"176","	0.0959 * vessel "
"177","	+ 0.096 * Level_on_the_seperator "
"178","	- 0.0561 * harvest_flow "
"179","	+ 0.0932 * pH_at_stn5 "
"180","	+ 0.2282 * pH_at_stn1 "
"181","	+ 0.0502 * CH4_in_offgas "
"182","	+ 0.0981 * CO2_in_offgas "
"183","	+ 0.0101 * LEL_in_offgas "
"184","	- 0.1368 * dissolved_oxygen_at_stn1 "
"185","	- 0.2729 * dissolved_oxygen_at_stn2 "
"186","	+ 0.1217 * dissolved_oxygen_at_stn3 "
"187","	+ 0.0145 * dissolved_oxygen_at_stn4 "
"188","	+ 0.006 * dissolved_oxygen_at_stn5 "
"189","	+ 0.1934 * methane_flow_stn1 "
"190","	+ 0.0055 * methane_flow_stn2 "
"191","	- 0.0236 * methane_flow_stn3 "
"192","	+ 0.2028 * methane_flow_stn4 "
"193","	+ 0.0738 * methane_flow_stn5 "
"194","	- 0.0436 * oxygen_flow_stn1 "
"195","	- 0.0044 * oxygen_flow_stn2 "
"196","	+ 0.0106 * oxygen_flow_stn3 "
"197","	+ 0.086 * oxygen_flow_stn4 "
"198","	+ 0.0118 * NH3_online_reading "
"199","	- 0.0534 * optical_density "
"200","	- 0.5055 * ammonia_pump_flow_1 "
"201","	- 0.008 * Tempered_Water_Temperature_before_Temped_water_cooler "
"202","	+ 0.0555 * Cooling_Water_Return_for_Temped_System "
"203","	- 0.0066 * Cooling_loop_A_valve_opening "
"204","	+ 0.0019 * Cooling_loop_B_valve_opening "
"205","	- 0.2392 * phosphoric_acid_flow "
"206","	- 0.1915 * trace_elements_flow "
"207","	- 0.0508 * ferrus_sulphate_flow "
"208","	- 0.062 * magnesium.potassium_flow "
"209","	+ 0.1588 * spare_dosing_pump_flow "
"210","	+ 0.0012 * oxygen_totaliser "
"211","	- 0.0037 * Fermentor_fliud_to_ammonia_._OD_meter_L.h "
"212","	+ 1.2386 * O2_Ch4_ratio.staion1 "
"213","	- 0.0782 * O2_Ch4_ratio.staion3 "
"214","	+ 0.0006 * O2_Ch4_ratio.staion4 "
"215","	+ 0.0315 * O2_Ch4_ratio.staion5 "
"216","	- 0.0459 * Final.OD "
"217","	- 0.0052 * DCW.CPI..g.L. "
"218","	+ 0.0012 * NH4.Offline..ppm. "
"219","	+ 0.0108 * K..ppm. "
"220","	- 0.0008 * LEL.... "
"221","	- 0.0136 * Offline.pH "
"222","	+ 0.0787 * Productivity..kg.DCW.h. "
"223","	- 0.0015 * NH4.Productivity..kg.DCW.h. "
"224","	- 9.988 [69/18.001%]"
"225","Rule: 5"
"226","IF"
"227","	O2_Ch4_ratio.staion5 <= 0.345"
"228","	dissolved_oxygen_at_stn5 <= 0.85"
"229","	NH4.Productivity..kg.DCW.h. > 0.828"
"230","	oxygen_flow_stn3 <= 4.05"
"231","	dissolved_oxygen_at_stn1 > 0.75"
"232","	methane_flow_stn5 <= 1.65"
"233","	Fermentor_fliud_to_ammonia_._OD_meter_L.h <= 44.6"
"234","	phosphoric_acid_flow > 0.75"
"235","THEN"
"236","interpolated_acetic = "
"237","	-0.211 * vessel "
"238","	- 0.0048 * Level_on_the_seperator "
"239","	+ 0.0312 * harvest_flow "
"240","	+ 0.3704 * pH_at_stn5 "
"241","	+ 0.0726 * pH_at_stn1 "
"242","	+ 0.0607 * CO2_in_offgas "
"243","	+ 0.0059 * LEL_in_offgas "
"244","	+ 0.125 * dissolved_oxygen_at_stn1 "
"245","	- 0.0021 * dissolved_oxygen_at_stn2 "
"246","	+ 0.046 * dissolved_oxygen_at_stn3 "
"247","	- 0.0088 * dissolved_oxygen_at_stn4 "
"248","	+ 0.0009 * dissolved_oxygen_at_stn5 "
"249","	+ 0.0008 * methane_flow_stn1 "
"250","	+ 0.0997 * methane_flow_stn2 "
"251","	+ 0.0825 * methane_flow_stn3 "
"252","	- 0.0235 * methane_flow_stn4 "
"253","	+ 0.2969 * methane_flow_stn5 "
"254","	- 0.0083 * oxygen_flow_stn1 "
"255","	- 0.0029 * oxygen_flow_stn2 "
"256","	- 0.0113 * oxygen_flow_stn3 "
"257","	+ 0.0468 * oxygen_flow_stn4 "
"258","	- 0.0152 * oxygen_flow_stn5 "
"259","	+ 0.0017 * NH3_online_reading "
"260","	- 0.1386 * optical_density "
"261","	- 0.0477 * ammonia_pump_flow_1 "
"262","	- 0.0378 * Tempered_Water_Temperature_before_Temped_water_cooler "
"263","	+ 0.0129 * Cooling_Water_Return_for_Temped_System "
"264","	- 0.0004 * Cooling_loop_A_valve_opening "
"265","	+ 0.0024 * Cooling_loop_B_valve_opening "
"266","	- 0.6776 * phosphoric_acid_flow "
"267","	- 0.1611 * trace_elements_flow "
"268","	- 0.2816 * ferrus_sulphate_flow "
"269","	- 0.0572 * magnesium.potassium_flow "
"270","	+ 0.1039 * spare_dosing_pump_flow "
"271","	+ 0.0049 * Methane_totalier "
"272","	+ 0.0013 * oxygen_totaliser "
"273","	- 0.0062 * Fermentor_fliud_to_ammonia_._OD_meter_L.h "
"274","	- 0.016 * O2_Ch4_ratio.staion1 "
"275","	- 0.3262 * O2_Ch4_ratio.staion3 "
"276","	+ 0.024 * O2_Ch4_ratio.staion4 "
"277","	+ 0.0299 * O2_Ch4_ratio.staion5 "
"278","	+ 0.0104 * Final.OD "
"279","	+ 0.0246 * DCW.CPI..g.L. "
"280","	- 0.0009 * NH4.Offline..ppm. "
"281","	+ 0.007 * K..ppm. "
"282","	+ 0.0109 * LEL.... "
"283","	+ 0.0424 * Offline.pH "
"284","	- 0.0134 * NH4.Productivity..kg.DCW.h. "
"285","	+ 10.192 [66/4.288%]"
"286","Rule: 6"
"287","IF"
"288","	O2_Ch4_ratio.staion5 > 0.345"
"289","	phosphoric_acid_flow <= 0.65"
"290","	O2_Ch4_ratio.staion1 > 1.279"
"291","	magnesium.potassium_flow > 1.4"
"292","	Fermentor_fliud_to_ammonia_._OD_meter_L.h <= 36.9"
"293","	Cooling_loop_A_valve_opening > 77"
"294","THEN"
"295","interpolated_acetic = "
"296","	0.1095 * vessel "
"297","	+ 0.024 * harvest_flow "
"298","	+ 4.0626 * pH_at_stn5 "
"299","	+ 0.1555 * pH_at_stn3 "
"300","	+ 0.1257 * pH_at_stn1 "
"301","	- 0.1126 * CH4_in_offgas "
"302","	+ 0.7101 * CO2_in_offgas "
"303","	- 0.0082 * LEL_in_offgas "
"304","	+ 0.1303 * dissolved_oxygen_at_stn1 "
"305","	- 0.1577 * dissolved_oxygen_at_stn2 "
"306","	+ 0.0141 * dissolved_oxygen_at_stn3 "
"307","	+ 0.1959 * dissolved_oxygen_at_stn4 "
"308","	- 0.001 * dissolved_oxygen_at_stn5 "
"309","	+ 0.0055 * methane_flow_stn1 "
"310","	+ 0.0704 * methane_flow_stn3 "
"311","	- 0.0386 * methane_flow_stn4 "
"312","	+ 0.0162 * methane_flow_stn5 "
"313","	- 0.0472 * oxygen_flow_stn1 "
"314","	- 0.1021 * oxygen_flow_stn2 "
"315","	- 0.0325 * oxygen_flow_stn3 "
"316","	+ 0.0444 * oxygen_flow_stn4 "
"317","	- 0.0096 * NH3_online_reading "
"318","	- 0.0343 * optical_density "
"319","	- 0.2134 * ammonia_pump_flow_1 "
"320","	+ 0.0289 * Cooling_Loop_B_Broth_Return_to_Fermenter_mixer_J1117 "
"321","	- 0.0577 * Tempered_Water_Temperature_before_Temped_water_cooler "
"322","	+ 0.0096 * Cooling_Water_Return_for_Temped_System "
"323","	- 0.0026 * Cooling_loop_A_valve_opening "
"324","	- 0.0177 * Cooling_loop_B_valve_opening "
"325","	+ 0.1472 * methane_pressure_to_fermentor_loop_mixture "
"326","	+ 0.1595 * phosphoric_acid_flow "
"327","	- 0.1931 * trace_elements_flow "
"328","	- 0.1474 * magnesium.potassium_flow "
"329","	+ 0.0348 * spare_dosing_pump_flow "
"330","	+ 0.0072 * Methane_totalier "
"331","	+ 0.0653 * oxygen_totaliser "
"332","	+ 0.0075 * Fermentor_fliud_to_ammonia_._OD_meter_L.h "
"333","	- 0.3622 * O2_Ch4_ratio.staion1 "
"334","	+ 0.0084 * O2_Ch4_ratio.staion4 "
"335","	+ 0.0456 * O2_Ch4_ratio.staion5 "
"336","	- 0.0068 * Final.OD "
"337","	- 0.0018 * DCW.CPI..g.L. "
"338","	+ 0.0473 * NH4.Offline..ppm. "
"339","	+ 0.0001 * K..ppm. "
"340","	+ 0.0067 * LEL.... "
"341","	+ 0.4978 * Offline.pH "
"342","	- 0.0863 * NH4.Productivity..kg.DCW.h. "
"343","	- 27.4542 [57/3.595%]"
"344","Rule: 7"
"345","IF"
"346","	oxygen_flow_stn4 <= 3.05"
"347","	oxygen_flow_stn3 <= 3.85"
"348","	NH3_online_reading > 17.35"
"349","	dissolved_oxygen_at_stn3 <= 1.75"
"350","	phosphoric_acid_flow <= 0.5"
"351","THEN"
"352","interpolated_acetic = "
"353","	0.0231 * vessel "
"354","	- 0.2129 * Level_on_the_seperator "
"355","	- 0.0353 * harvest_flow "
"356","	+ 0.0637 * pH_at_stn5 "
"357","	+ 2.786 * pH_at_stn1 "
"358","	+ 0.0826 * CH4_in_offgas "
"359","	+ 0.0118 * CO2_in_offgas "
"360","	+ 0.072 * LEL_in_offgas "
"361","	+ 0.1685 * dissolved_oxygen_at_stn1 "
"362","	+ 0.0489 * dissolved_oxygen_at_stn2 "
"363","	+ 0.4318 * dissolved_oxygen_at_stn3 "
"364","	- 0.0095 * dissolved_oxygen_at_stn4 "
"365","	- 0.002 * dissolved_oxygen_at_stn5 "
"366","	+ 0.0917 * methane_flow_stn1 "
"367","	+ 0.02 * methane_flow_stn3 "
"368","	- 0.0349 * methane_flow_stn5 "
"369","	- 0.0453 * oxygen_flow_stn1 "
"370","	- 0.0168 * oxygen_flow_stn3 "
"371","	+ 0.0222 * oxygen_flow_stn4 "
"372","	+ 0.0184 * NH3_online_reading "
"373","	- 0.101 * optical_density "
"374","	- 0.1167 * ammonia_pump_flow_1 "
"375","	- 0.0146 * ammonia_pump_flow_2 "
"376","	+ 0.0181 * Cooling_Loop_B_Broth_Return_to_Fermenter_mixer_J1117 "
"377","	- 0.0823 * Tempered_Water_Temperature_before_Temped_water_cooler "
"378","	- 0.0902 * Cooling_Water_Return_for_Temped_System "
"379","	- 0.001 * Cooling_loop_A_valve_opening "
"380","	+ 0.0367 * Cooling_loop_B_valve_opening "
"381","	- 0.0599 * oxygen_pressure_to_fermentor_loop_mixture "
"382","	- 1.0473 * phosphoric_acid_flow "
"383","	+ 0.0023 * sodium_hydroxide_flow "
"384","	- 0.35 * ferrus_sulphate_flow "
"385","	- 0.2039 * magnesium.potassium_flow "
"386","	+ 0.0321 * spare_dosing_pump_flow "
"387","	- 0.0074 * Methane_totalier "
"388","	+ 0.0011 * Fermentor_fliud_to_ammonia_._OD_meter_L.h "
"389","	+ 0.1983 * O2_Ch4_ratio.staion1 "
"390","	+ 0.0053 * O2_Ch4_ratio.staion4 "
"391","	+ 0.1402 * O2_Ch4_ratio.staion5 "
"392","	+ 0.0155 * Final.OD "
"393","	- 0.0008 * DCW.CPI..g.L. "
"394","	- 0.0027 * NH4.Offline..ppm. "
"395","	- 0.1336 * K..ppm. "
"396","	+ 0.3628 * LEL.... "
"397","	+ 0.015 * Offline.pH "
"398","	+ 0.0739 * Productivity..kg.DCW.h. "
"399","	- 2.9817 * NH4.Productivity..kg.DCW.h. "
"400","	+ 1.3755 [88/6.912%]"
"401","Rule: 8"
"402","IF"
"403","	O2_Ch4_ratio.staion4 <= 7.677"
"404","	dissolved_oxygen_at_stn5 > 0.85"
"405","	K..ppm. > 27.473"
"406","	oxygen_flow_stn4 <= 3.15"
"407","	DCW.CPI..g.L. > 8.577"
"408","THEN"
"409","interpolated_acetic = "
"410","	-0.6773 * vessel "
"411","	+ 0.0032 * Level_on_the_seperator "
"412","	+ 3.8845 * harvest_flow "
"413","	+ 0.0318 * pH_at_stn5 "
"414","	+ 0.2394 * pH_at_stn1 "
"415","	+ 0.01 * CO2_in_offgas "
"416","	+ 0.0432 * LEL_in_offgas "
"417","	+ 3.68 * dissolved_oxygen_at_stn1 "
"418","	+ 0.0977 * dissolved_oxygen_at_stn2 "
"419","	- 0.4165 * dissolved_oxygen_at_stn3 "
"420","	- 0.0246 * dissolved_oxygen_at_stn4 "
"421","	+ 0.1871 * dissolved_oxygen_at_stn5 "
"422","	+ 0.0333 * methane_flow_stn1 "
"423","	+ 0.0023 * methane_flow_stn2 "
"424","	+ 1.8696 * methane_flow_stn3 "
"425","	- 0.0151 * oxygen_flow_stn1 "
"426","	- 0.0263 * oxygen_flow_stn2 "
"427","	+ 0.2817 * oxygen_flow_stn4 "
"428","	- 0.016 * NH3_online_reading "
"429","	- 0.0791 * optical_density "
"430","	- 0.2974 * ammonia_pump_flow_1 "
"431","	- 0.0714 * ammonia_pump_flow_2 "
"432","	- 0.0325 * Cooling_Loop_A_Broth_Return_to_Fermenter_mixer_ "
"433","	- 0.094 * Tempered_Water_Temperature_before_Temped_water_cooler "
"434","	+ 0.0014 * Cooling_Water_Return_for_Temped_System "
"435","	- 0.0008 * Cooling_loop_A_valve_opening "
"436","	+ 0.0014 * Cooling_loop_B_valve_opening "
"437","	+ 0.144 * oxygen_pressure_to_fermentor_loop_mixture "
"438","	- 9.8344 * phosphoric_acid_flow "
"439","	+ 0.0021 * sodium_hydroxide_flow "
"440","	- 0.0549 * trace_elements_flow "
"441","	+ 0.0607 * calcium_chloride_flow "
"442","	- 0.0197 * magnesium.potassium_flow "
"443","	+ 0.5807 * spare_dosing_pump_flow "
"444","	- 0.0066 * Fermentor_fliud_to_ammonia_._OD_meter_L.h "
"445","	+ 0.4179 * O2_Ch4_ratio.staion1 "
"446","	+ 0.0336 * O2_Ch4_ratio.staion4 "
"447","	+ 0.4689 * O2_Ch4_ratio.staion5 "
"448","	- 0.0779 * Final.OD "
"449","	- 0.4683 * DCW.CPI..g.L. "
"450","	+ 0.0167 * NH4.Offline..ppm. "
"451","	+ 0.0079 * K..ppm. "
"452","	- 0.0655 * LEL.... "
"453","	- 0.6739 * Offline.pH "
"454","	+ 0.3601 * NH4.Productivity..kg.DCW.h. "
"455","	+ 43.4574 [79/6.312%]"
"456","Rule: 9"
"457","IF"
"458","	O2_Ch4_ratio.staion4 > 7.677"
"459","	O2_Ch4_ratio.staion5 > 0.356"
"460","	O2_Ch4_ratio.staion1 <= 1.279"
"461","	NH4.Productivity..kg.DCW.h. <= 2.148"
"462","THEN"
"463","interpolated_acetic = "
"464","	0.2895 * vessel "
"465","	+ 0.2612 * harvest_flow "
"466","	+ 1.5539 * pH_at_stn5 "
"467","	+ 0.204 * pH_at_stn1 "
"468","	+ 0.3042 * CH4_in_offgas "
"469","	+ 0.088 * CO2_in_offgas "
"470","	+ 0.0561 * LEL_in_offgas "
"471","	+ 0.2049 * dissolved_oxygen_at_stn1 "
"472","	+ 0.2586 * dissolved_oxygen_at_stn2 "
"473","	+ 0.005 * dissolved_oxygen_at_stn3 "
"474","	+ 0.0037 * dissolved_oxygen_at_stn4 "
"475","	+ 0.0018 * dissolved_oxygen_at_stn5 "
"476","	+ 0.0562 * methane_flow_stn1 "
"477","	- 0.0366 * methane_flow_stn2 "
"478","	+ 0.0213 * methane_flow_stn3 "
"479","	- 0.0174 * oxygen_flow_stn1 "
"480","	- 0.0306 * oxygen_flow_stn2 "
"481","	- 0.0067 * NH3_online_reading "
"482","	- 0.0912 * optical_density "
"483","	- 0.8896 * ammonia_pump_flow_1 "
"484","	- 0.0049 * Cooling_Loop_A_Broth_Return_to_Fermenter_mixer_ "
"485","	- 0.0786 * Tempered_Water_Temperature_before_Temped_water_cooler "
"486","	- 0.0079 * Cooling_Water_Return_for_Temped_System "
"487","	- 0.0069 * Cooling_loop_A_valve_opening "
"488","	+ 0.0016 * Cooling_loop_B_valve_opening "
"489","	+ 0.0917 * oxygen_pressure_to_fermentor_loop_mixture "
"490","	- 0.4995 * phosphoric_acid_flow "
"491","	- 0.876 * trace_elements_flow "
"492","	+ 0.1136 * calcium_chloride_flow "
"493","	- 0.2788 * magnesium.potassium_flow "
"494","	+ 0.0409 * spare_dosing_pump_flow "
"495","	+ 0.0003 * Fermentor_fliud_to_ammonia_._OD_meter_L.h "
"496","	- 0.4196 * O2_Ch4_ratio.staion1 "
"497","	+ 0.004 * O2_Ch4_ratio.staion4 "
"498","	+ 1.0004 * O2_Ch4_ratio.staion5 "
"499","	- 0.0106 * Final.OD "
"500","	+ 0.039 * DCW.CPI..g.L. "
"501","	+ 0.0632 * NH4.Offline..ppm. "
"502","	+ 0.0027 * K..ppm. "
"503","	- 0.0029 * LEL.... "
"504","	- 0.0403 * Offline.pH "
"505","	+ 0.095 * NH4.Productivity..kg.DCW.h. "
"506","	- 10.7604 [73/4.758%]"
"507","Rule: 10"
"508","IF"
"509","	oxygen_flow_stn4 <= 3.05"
"510","	NH4.Productivity..kg.DCW.h. > 0.828"
"511","	ammonia_pump_flow_2 <= 0.75"
"512","	oxygen_flow_stn5 <= 2.55"
"513","	dissolved_oxygen_at_stn1 > 0.75"
"514","	LEL_in_offgas <= 3.35"
"515","	optical_density > 0.95"
"516","	NH3_online_reading <= 53.35"
"517","THEN"
"518","interpolated_acetic = "
"519","	2.2203 * vessel "
"520","	+ 0.2239 * Level_on_the_seperator "
"521","	+ 0.0229 * harvest_flow "
"522","	+ 0.2468 * pH_at_stn5 "
"523","	+ 0.5759 * pH_at_stn1 "
"524","	+ 0.507 * CO2_in_offgas "
"525","	+ 0.0124 * LEL_in_offgas "
"526","	+ 0.2523 * dissolved_oxygen_at_stn1 "
"527","	- 0.1042 * dissolved_oxygen_at_stn2 "
"528","	+ 0.0823 * dissolved_oxygen_at_stn3 "
"529","	- 0.0041 * dissolved_oxygen_at_stn4 "
"530","	+ 0.0008 * dissolved_oxygen_at_stn5 "
"531","	+ 0.0775 * methane_flow_stn3 "
"532","	- 0.1702 * methane_flow_stn5 "
"533","	- 0.0161 * oxygen_flow_stn1 "
"534","	- 0.0339 * oxygen_flow_stn2 "
"535","	- 0.0431 * oxygen_flow_stn3 "
"536","	+ 0.0139 * oxygen_flow_stn4 "
"537","	+ 0.0593 * oxygen_flow_stn5 "
"538","	+ 0.0114 * NH3_online_reading "
"539","	- 0.3666 * optical_density "
"540","	- 0.0714 * ammonia_pump_flow_2 "
"541","	+ 0.0289 * Cooling_Loop_A_Broth_Return_to_Fermenter_mixer_ "
"542","	- 0.0998 * Tempered_Water_Temperature_before_Temped_water_cooler "
"543","	+ 0.3387 * Cooling_Water_Return_for_Temped_System "
"544","	- 0.0011 * Cooling_loop_A_valve_opening "
"545","	- 0.0003 * Cooling_loop_B_valve_opening "
"546","	- 0.5966 * oxygen_pressure_to_fermentor_loop_mixture "
"547","	- 0.0741 * phosphoric_acid_flow "
"548","	- 0.1244 * ferrus_sulphate_flow "
"549","	- 0.0504 * magnesium.potassium_flow "
"550","	+ 0.0293 * spare_dosing_pump_flow "
"551","	+ 0.0106 * Methane_totalier "
"552","	+ 0.0081 * oxygen_totaliser "
"553","	- 0.0015 * Fermentor_fliud_to_ammonia_._OD_meter_L.h "
"554","	- 0.144 * O2_Ch4_ratio.staion1 "
"555","	+ 0.0032 * O2_Ch4_ratio.staion4 "
"556","	+ 0.1354 * O2_Ch4_ratio.staion5 "
"557","	- 0.0099 * Final.OD "
"558","	+ 0.0103 * DCW.CPI..g.L. "
"559","	- 0.0109 * NH4.Offline..ppm. "
"560","	+ 0.0033 * K..ppm. "
"561","	- 0.1485 * LEL.... "
"562","	- 3.4796 * Offline.pH "
"563","	- 0.2639 * NH4.Productivity..kg.DCW.h. "
"564","	- 94.5731 [47/11.155%]"
"565","Rule: 11"
"566","IF"
"567","	oxygen_flow_stn4 <= 3.05"
"568","	NH4.Productivity..kg.DCW.h. > 0.828"
"569","	ammonia_pump_flow_2 <= 0.75"
"570","	methane_flow_stn5 <= 1.65"
"571","	dissolved_oxygen_at_stn1 > 0.75"
"572","	LEL.... > 2.96"
"573","THEN"
"574","interpolated_acetic = "
"575","	-0.3143 * vessel "
"576","	+ 0.0142 * Level_on_the_seperator "
"577","	+ 0.0361 * harvest_flow "
"578","	+ 0.1798 * pH_at_stn5 "
"579","	+ 1.0794 * pH_at_stn1 "
"580","	- 0.0142 * CO2_in_offgas "
"581","	+ 0.0281 * LEL_in_offgas "
"582","	+ 0.499 * dissolved_oxygen_at_stn1 "
"583","	- 0.1011 * dissolved_oxygen_at_stn2 "
"584","	+ 0.0949 * dissolved_oxygen_at_stn3 "
"585","	- 0.0056 * dissolved_oxygen_at_stn4 "
"586","	+ 0.0008 * dissolved_oxygen_at_stn5 "
"587","	+ 0.0981 * methane_flow_stn3 "
"588","	- 0.1239 * methane_flow_stn5 "
"589","	- 0.0061 * oxygen_flow_stn1 "
"590","	- 0.0257 * oxygen_flow_stn2 "
"591","	- 0.0458 * oxygen_flow_stn3 "
"592","	+ 0.0214 * oxygen_flow_stn4 "
"593","	+ 0.0107 * NH3_online_reading "
"594","	- 0.0628 * optical_density "
"595","	- 0.6764 * ammonia_pump_flow_1 "
"596","	- 0.1541 * ammonia_pump_flow_2 "
"597","	+ 0.0183 * Cooling_Loop_A_Broth_Return_to_Fermenter_mixer_ "
"598","	- 0.0336 * Tempered_Water_Temperature_before_Temped_water_cooler "
"599","	+ 0.0028 * Cooling_Water_Return_for_Temped_System "
"600","	- 0.0011 * Cooling_loop_A_valve_opening "
"601","	+ 0.0014 * Cooling_loop_B_valve_opening "
"602","	- 0.7407 * oxygen_pressure_to_fermentor_loop_mixture "
"603","	- 0.0864 * phosphoric_acid_flow "
"604","	- 0.1357 * ferrus_sulphate_flow "
"605","	- 0.0533 * magnesium.potassium_flow "
"606","	+ 0.0359 * spare_dosing_pump_flow "
"607","	+ 0.0061 * Methane_totalier "
"608","	+ 0.0124 * oxygen_totaliser "
"609","	- 0.0007 * Fermentor_fliud_to_ammonia_._OD_meter_L.h "
"610","	+ 0.1564 * O2_Ch4_ratio.staion1 "
"611","	- 0.0113 * O2_Ch4_ratio.staion4 "
"612","	+ 0.1466 * O2_Ch4_ratio.staion5 "
"613","	+ 0.0021 * Final.OD "
"614","	- 0.0192 * DCW.CPI..g.L. "
"615","	- 0.0103 * NH4.Offline..ppm. "
"616","	+ 0.0017 * K..ppm. "
"617","	- 0.0244 * LEL.... "
"618","	- 0.5545 * Offline.pH "
"619","	+ 0.0194 * NH4.Productivity..kg.DCW.h. "
"620","	+ 17.5189 [55/3.598%]"
"621","Rule: 12"
"622","IF"
"623","	O2_Ch4_ratio.staion4 <= 7.677"
"624","	dissolved_oxygen_at_stn5 <= 0.85"
"625","	oxygen_flow_stn3 <= 4.05"
"626","	dissolved_oxygen_at_stn3 <= 2.35"
"627","	O2_Ch4_ratio.staion1 <= 1.477"
"628","	dissolved_oxygen_at_stn4 > 3.35"
"629","	ammonia_pump_flow_1 > 1.25"
"630","THEN"
"631","interpolated_acetic = "
"632","	-0.4903 * vessel "
"633","	+ 0.0042 * Level_on_the_seperator "
"634","	+ 0.0247 * harvest_flow "
"635","	+ 0.2424 * pH_at_stn1 "
"636","	+ 0.0061 * CH4_in_offgas "
"637","	+ 0.1483 * CO2_in_offgas "
"638","	+ 0.0044 * LEL_in_offgas "
"639","	+ 0.2227 * dissolved_oxygen_at_stn1 "
"640","	+ 0.13 * dissolved_oxygen_at_stn2 "
"641","	+ 0.0319 * dissolved_oxygen_at_stn3 "
"642","	- 0.0576 * dissolved_oxygen_at_stn4 "
"643","	+ 0.0024 * dissolved_oxygen_at_stn5 "
"644","	- 0.1023 * methane_flow_stn1 "
"645","	+ 0.0143 * methane_flow_stn2 "
"646","	+ 0.3647 * methane_flow_stn3 "
"647","	- 0.0369 * oxygen_flow_stn1 "
"648","	- 0.0818 * oxygen_flow_stn2 "
"649","	+ 0.0419 * oxygen_flow_stn3 "
"650","	+ 0.0519 * oxygen_flow_stn4 "
"651","	- 0.0453 * NH3_online_reading "
"652","	- 0.1857 * ammonia_pump_flow_1 "
"653","	- 0.0469 * Cooling_Loop_A_Broth_Return_to_Fermenter_mixer_ "
"654","	+ 0.0078 * Cooling_Loop_B_Broth_Return_to_Fermenter_mixer_J1117 "
"655","	- 0.0109 * Cooling_Water_Return_for_Temped_System "
"656","	+ 0.0037 * Cooling_loop_A_valve_opening "
"657","	+ 0.0027 * Cooling_loop_B_valve_opening "
"658","	- 0.0205 * oxygen_pressure_to_fermentor_loop_mixture "
"659","	- 0.2278 * phosphoric_acid_flow "
"660","	- 0.309 * ferrus_sulphate_flow "
"661","	- 0.2977 * calcium_chloride_flow "
"662","	- 0.0317 * magnesium.potassium_flow "
"663","	+ 0.025 * Methane_totalier "
"664","	- 0.0091 * Fermentor_fliud_to_ammonia_._OD_meter_L.h "
"665","	+ 0.2781 * O2_Ch4_ratio.staion1 "
"666","	+ 0.3587 * O2_Ch4_ratio.staion2 "
"667","	+ 0.1199 * O2_Ch4_ratio.staion4 "
"668","	+ 0.3988 * O2_Ch4_ratio.staion5 "
"669","	- 0.0094 * Final.OD "
"670","	+ 0.0005 * DCW.CPI..g.L. "
"671","	- 0.0095 * NH4.Offline..ppm. "
"672","	+ 0.0079 * K..ppm. "
"673","	- 0.0008 * LEL.... "
"674","	- 0.0438 * Offline.pH "
"675","	+ 0.0019 * NH4.Productivity..kg.DCW.h. "
"676","	+ 23.8088 [54/4.324%]"
"677","Rule: 13"
"678","IF"
"679","	oxygen_flow_stn4 > 3.05"
"680","	phosphoric_acid_flow > 0.65"
"681","	spare_dosing_pump_flow <= 1.45"
"682","	dissolved_oxygen_at_stn1 <= 0.15"
"683","	Final.OD > 25.122"
"684","THEN"
"685","interpolated_acetic = "
"686","	-0.3624 * vessel "
"687","	- 0.0328 * Level_on_the_seperator "
"688","	+ 0.4659 * harvest_flow "
"689","	+ 0.9692 * pH_at_stn5 "
"690","	- 0.251 * CH4_in_offgas "
"691","	+ 0.0441 * CO2_in_offgas "
"692","	+ 0.0303 * LEL_in_offgas "
"693","	+ 1.0344 * dissolved_oxygen_at_stn1 "
"694","	- 0.0189 * dissolved_oxygen_at_stn2 "
"695","	+ 0.0056 * dissolved_oxygen_at_stn3 "
"696","	- 0.0096 * dissolved_oxygen_at_stn4 "
"697","	+ 0.0202 * dissolved_oxygen_at_stn5 "
"698","	+ 0.04 * methane_flow_stn1 "
"699","	+ 1.0202 * methane_flow_stn3 "
"700","	+ 0.033 * methane_flow_stn5 "
"701","	- 0.089 * oxygen_flow_stn1 "
"702","	+ 0.1474 * oxygen_flow_stn2 "
"703","	- 0.1444 * oxygen_flow_stn3 "
"704","	+ 0.0268 * oxygen_flow_stn4 "
"705","	- 0.0086 * NH3_online_reading "
"706","	- 0.3223 * optical_density "
"707","	- 0.1135 * Cooling_Loop_A_Broth_Return_to_Fermenter_mixer_ "
"708","	+ 0.0727 * Cooling_Water_Return_for_Temped_System "
"709","	+ 0.0004 * Cooling_loop_A_valve_opening "
"710","	+ 0.0007 * Cooling_loop_B_valve_opening "
"711","	- 0.2053 * phosphoric_acid_flow "
"712","	- 0.047 * ferrus_sulphate_flow "
"713","	- 0.0369 * magnesium.potassium_flow "
"714","	+ 0.2015 * spare_dosing_pump_flow "
"715","	+ 0.8171 * oxygen_totaliser "
"716","	- 0.0041 * Fermentor_fliud_to_ammonia_._OD_meter_L.h "
"717","	+ 0.0986 * O2_Ch4_ratio.staion1 "
"718","	+ 1.6864 * O2_Ch4_ratio.staion5 "
"719","	- 0.0416 * Final.OD "
"720","	+ 0.0596 * DCW.CPI..g.L. "
"721","	+ 0.0202 * NH4.Offline..ppm. "
"722","	+ 0.0106 * K..ppm. "
"723","	- 0.0062 * LEL.... "
"724","	- 0.5356 * Offline.pH "
"725","	- 0.2301 * NH4.Productivity..kg.DCW.h. "
"726","	+ 6.6145 [49/8.579%]"
"727","Rule: 14"
"728","IF"
"729","	oxygen_flow_stn4 > 3.05"
"730","	phosphoric_acid_flow > 0.65"
"731","	K..ppm. > 28.871"
"732","	dissolved_oxygen_at_stn5 <= 0.95"
"733","	Fermentor_fliud_to_ammonia_._OD_meter_L.h <= 43.8"
"734","THEN"
"735","interpolated_acetic = "
"736","	-0.903 * vessel "
"737","	- 0.022 * Level_on_the_seperator "
"738","	+ 1.0383 * pH_at_stn5 "
"739","	- 0.0256 * CO2_in_offgas "
"740","	- 0.1023 * LEL_in_offgas "
"741","	+ 2.4926 * dissolved_oxygen_at_stn1 "
"742","	+ 0.0243 * dissolved_oxygen_at_stn2 "
"743","	+ 0.0244 * dissolved_oxygen_at_stn3 "
"744","	- 0.0009 * dissolved_oxygen_at_stn4 "
"745","	+ 0.0218 * dissolved_oxygen_at_stn5 "
"746","	+ 0.0151 * methane_flow_stn1 "
"747","	+ 1.3576 * methane_flow_stn3 "
"748","	+ 0.0468 * methane_flow_stn5 "
"749","	- 0.0121 * oxygen_flow_stn2 "
"750","	- 0.2864 * oxygen_flow_stn3 "
"751","	+ 1.1835 * oxygen_flow_stn4 "
"752","	- 0.0269 * NH3_online_reading "
"753","	- 0.6859 * optical_density "
"754","	- 0.0095 * ammonia_pump_flow_2 "
"755","	- 0.2893 * Cooling_Loop_A_Broth_Return_to_Fermenter_mixer_ "
"756","	+ 0.1334 * Cooling_Water_Return_for_Temped_System "
"757","	+ 0.0005 * Cooling_loop_A_valve_opening "
"758","	+ 0.0009 * Cooling_loop_B_valve_opening "
"759","	- 0.0721 * oxygen_pressure_to_fermentor_loop_mixture "
"760","	- 0.2049 * phosphoric_acid_flow "
"761","	- 0.0716 * ferrus_sulphate_flow "
"762","	- 0.0411 * magnesium.potassium_flow "
"763","	+ 0.1549 * spare_dosing_pump_flow "
"764","	- 0.035 * oxygen_totaliser "
"765","	- 0.0083 * Fermentor_fliud_to_ammonia_._OD_meter_L.h "
"766","	+ 0.0846 * O2_Ch4_ratio.staion1 "
"767","	+ 0.0842 * O2_Ch4_ratio.staion4 "
"768","	+ 8.1852 * O2_Ch4_ratio.staion5 "
"769","	- 0.4356 * Final.OD "
"770","	+ 0.0206 * DCW.CPI..g.L. "
"771","	+ 0.0047 * NH4.Offline..ppm. "
"772","	+ 0.0084 * K..ppm. "
"773","	+ 0.0626 * LEL.... "
"774","	- 0.4686 * Offline.pH "
"775","	- 0.7431 * NH4.Productivity..kg.DCW.h. "
"776","	+ 55.5511 [48/22.722%]"
"777","Rule: 15"
"778","IF"
"779","	oxygen_flow_stn4 > 3.05"
"780","	phosphoric_acid_flow <= 0.65"
"781","	oxygen_flow_stn3 <= 1.75"
"782","	LEL.... > 4.019"
"783","	phosphoric_acid_flow > 0.5"
"784","	dissolved_oxygen_at_stn1 <= 0.15"
"785","	NH4.Productivity..kg.DCW.h. > 2.022"
"786","THEN"
"787","interpolated_acetic = "
"788","	0.1597 * vessel "
"789","	- 0.0183 * Level_on_the_seperator "
"790","	- 0.2346 * harvest_flow "
"791","	+ 1.3529 * pH_at_stn5 "
"792","	- 0.0181 * CO2_in_offgas "
"793","	+ 0.0115 * LEL_in_offgas "
"794","	+ 3.2678 * dissolved_oxygen_at_stn1 "
"795","	+ 0.1076 * dissolved_oxygen_at_stn2 "
"796","	+ 0.0114 * dissolved_oxygen_at_stn3 "
"797","	- 0.0102 * dissolved_oxygen_at_stn5 "
"798","	+ 0.0539 * methane_flow_stn1 "
"799","	+ 0.0135 * methane_flow_stn5 "
"800","	- 0.1286 * oxygen_flow_stn1 "
"801","	- 0.052 * oxygen_flow_stn2 "
"802","	- 0.0718 * oxygen_flow_stn3 "
"803","	+ 0.0243 * oxygen_flow_stn4 "
"804","	- 0.0049 * NH3_online_reading "
"805","	- 0.0714 * optical_density "
"806","	+ 0.009 * ammonia_pump_flow_2 "
"807","	- 0.0345 * Cooling_Loop_A_Broth_Return_to_Fermenter_mixer_ "
"808","	+ 0.007 * Cooling_Water_Return_for_Temped_System "
"809","	+ 0.0058 * Cooling_loop_A_valve_opening "
"810","	+ 0.0006 * Cooling_loop_B_valve_opening "
"811","	- 0.0442 * oxygen_pressure_to_fermentor_loop_mixture "
"812","	+ 0.1951 * phosphoric_acid_flow "
"813","	- 0.087 * ferrus_sulphate_flow "
"814","	- 0.0394 * magnesium.potassium_flow "
"815","	+ 0.1462 * spare_dosing_pump_flow "
"816","	- 0.0012 * oxygen_totaliser "
"817","	- 0.0008 * Fermentor_fliud_to_ammonia_._OD_meter_L.h "
"818","	+ 0.064 * O2_Ch4_ratio.staion1 "
"819","	+ 0.3487 * O2_Ch4_ratio.staion5 "
"820","	- 0.0215 * Final.OD "
"821","	+ 0.0219 * DCW.CPI..g.L. "
"822","	+ 0.0039 * NH4.Offline..ppm. "
"823","	+ 0.1407 * K..ppm. "
"824","	- 0.0001 * LEL.... "
"825","	- 0.2974 * Offline.pH "
"826","	+ 0.0047 * Productivity..kg.DCW.h. "
"827","	- 0.6222 * NH4.Productivity..kg.DCW.h. "
"828","	- 7.998 [47/2.665%]"
"829","Rule: 16"
"830","IF"
"831","	oxygen_flow_stn4 > 3.05"
"832","	phosphoric_acid_flow <= 0.65"
"833","	oxygen_flow_stn3 <= 1.75"
"834","	phosphoric_acid_flow <= 0.5"
"835","	magnesium.potassium_flow <= 1.25"
"836","	Cooling_loop_A_valve_opening > 97.75"
"837","THEN"
"838","interpolated_acetic = "
"839","	0.3378 * vessel "
"840","	- 0.0221 * Level_on_the_seperator "
"841","	- 0.3603 * harvest_flow "
"842","	+ 1.5066 * pH_at_stn5 "
"843","	- 0.5111 * CO2_in_offgas "
"844","	+ 0.0137 * LEL_in_offgas "
"845","	+ 0.0102 * dissolved_oxygen_at_stn1 "
"846","	+ 0.0341 * dissolved_oxygen_at_stn2 "
"847","	- 0.0061 * dissolved_oxygen_at_stn3 "
"848","	- 0.0112 * dissolved_oxygen_at_stn5 "
"849","	+ 0.0539 * methane_flow_stn1 "
"850","	+ 0.0169 * methane_flow_stn5 "
"851","	- 0.1351 * oxygen_flow_stn1 "
"852","	+ 0.0132 * oxygen_flow_stn2 "
"853","	- 0.0121 * oxygen_flow_stn3 "
"854","	+ 0.0271 * oxygen_flow_stn4 "
"855","	- 0.0054 * NH3_online_reading "
"856","	- 0.0769 * optical_density "
"857","	+ 0.0073 * ammonia_pump_flow_2 "
"858","	- 0.0412 * Cooling_Loop_A_Broth_Return_to_Fermenter_mixer_ "
"859","	+ 0.0063 * Cooling_Water_Return_for_Temped_System "
"860","	+ 0.0133 * Cooling_loop_A_valve_opening "
"861","	+ 0.0006 * Cooling_loop_B_valve_opening "
"862","	+ 0.367 * phosphoric_acid_flow "
"863","	- 0.0941 * ferrus_sulphate_flow "
"864","	- 0.2204 * magnesium.potassium_flow "
"865","	+ 0.1668 * spare_dosing_pump_flow "
"866","	- 0.0019 * oxygen_totaliser "
"867","	- 0.0016 * Fermentor_fliud_to_ammonia_._OD_meter_L.h "
"868","	+ 0.067 * O2_Ch4_ratio.staion1 "
"869","	+ 0.9069 * O2_Ch4_ratio.staion5 "
"870","	- 0.0322 * Final.OD "
"871","	+ 0.0113 * DCW.CPI..g.L. "
"872","	+ 0.0061 * NH4.Offline..ppm. "
"873","	+ 0.0078 * K..ppm. "
"874","	- 0.0141 * LEL.... "
"875","	- 0.4304 * Offline.pH "
"876","	+ 0.027 * Productivity..kg.DCW.h. "
"877","	- 0.2863 * NH4.Productivity..kg.DCW.h. "
"878","	- 11.1087 [48/2.501%]"
"879","Rule: 17"
"880","IF"
"881","	oxygen_flow_stn4 <= 3.05"
"882","	NH4.Productivity..kg.DCW.h. <= 0.828"
"883","	O2_Ch4_ratio.staion1 > 0.333"
"884","	Final.OD > 8.318"
"885","	K..ppm. <= 36.216"
"886","	ferrus_sulphate_flow > 0.15"
"887","THEN"
"888","interpolated_acetic = "
"889","	0.4274 * vessel "
"890","	+ 0.028 * Level_on_the_seperator "
"891","	- 0.0354 * harvest_flow "
"892","	+ 0.3303 * pH_at_stn5 "
"893","	+ 0.0562 * CH4_in_offgas "
"894","	- 0.0485 * CO2_in_offgas "
"895","	- 0.059 * LEL_in_offgas "
"896","	- 0.0157 * dissolved_oxygen_at_stn1 "
"897","	- 0.0149 * dissolved_oxygen_at_stn2 "
"898","	+ 0.0524 * dissolved_oxygen_at_stn3 "
"899","	+ 0.0232 * dissolved_oxygen_at_stn4 "
"900","	+ 0.0009 * dissolved_oxygen_at_stn5 "
"901","	+ 0.0152 * methane_flow_stn1 "
"902","	+ 0.0217 * methane_flow_stn5 "
"903","	- 0.0243 * oxygen_flow_stn1 "
"904","	+ 0.0359 * oxygen_flow_stn3 "
"905","	+ 0.0284 * oxygen_flow_stn4 "
"906","	+ 0.0345 * NH3_online_reading "
"907","	- 0.1899 * optical_density "
"908","	- 0.0319 * ammonia_pump_flow_1 "
"909","	- 0.0057 * Cooling_Loop_A_Broth_Return_to_Fermenter_mixer_ "
"910","	- 0.0546 * Tempered_Water_Temperature_before_Temped_water_cooler "
"911","	+ 0.06 * Cooling_Water_Return_for_Temped_System "
"912","	- 0.0032 * Cooling_loop_A_valve_opening "
"913","	+ 0.0026 * Cooling_loop_B_valve_opening "
"914","	- 0.1851 * oxygen_pressure_to_fermentor_loop_mixture "
"915","	- 0.1007 * phosphoric_acid_flow "
"916","	- 0.0547 * trace_elements_flow "
"917","	+ 0.0489 * ferrus_sulphate_flow "
"918","	- 0.1037 * magnesium.potassium_flow "
"919","	+ 0.0398 * spare_dosing_pump_flow "
"920","	+ 0.2379 * oxygen_totaliser "
"921","	+ 0.7237 * O2_Ch4_ratio.staion1 "
"922","	+ 0.1417 * O2_Ch4_ratio.staion5 "
"923","	- 0.0518 * Final.OD "
"924","	- 0.0017 * DCW.CPI..g.L. "
"925","	- 0.0245 * NH4.Offline..ppm. "
"926","	- 0.0349 * K..ppm. "
"927","	+ 0.0005 * LEL.... "
"928","	- 0.0071 * Offline.pH "
"929","	+ 0.0219 * Productivity..kg.DCW.h. "
"930","	+ 1.971 * NH4.Productivity..kg.DCW.h. "
"931","	- 18.0641 [37/6.888%]"
"932","Rule: 18"
"933","IF"
"934","	oxygen_flow_stn4 <= 3.05"
"935","	DCW.CPI..g.L. > 4.983"
"936","	ammonia_pump_flow_2 <= 0.75"
"937","	methane_flow_stn5 <= 1.65"
"938","	harvest_flow > 0.25"
"939","	dissolved_oxygen_at_stn2 > 0.65"
"940","	Fermentor_fliud_to_ammonia_._OD_meter_L.h > 41.05"
"941","	O2_Ch4_ratio.staion4 > 6.207"
"942","THEN"
"943","interpolated_acetic = "
"944","	-0.8088 * vessel "
"945","	+ 0.0113 * Level_on_the_seperator "
"946","	+ 0.0967 * harvest_flow "
"947","	+ 0.3574 * pH_at_stn5 "
"948","	+ 0.0314 * pH_at_stn3 "
"949","	+ 0.0202 * CO2_in_offgas "
"950","	- 0.0671 * LEL_in_offgas "
"951","	- 0.0189 * dissolved_oxygen_at_stn1 "
"952","	+ 0.0635 * dissolved_oxygen_at_stn2 "
"953","	+ 0.122 * dissolved_oxygen_at_stn3 "
"954","	- 0.0287 * dissolved_oxygen_at_stn4 "
"955","	+ 0.0012 * dissolved_oxygen_at_stn5 "
"956","	+ 0.0314 * methane_flow_stn1 "
"957","	+ 0.0172 * methane_flow_stn3 "
"958","	+ 0.1372 * methane_flow_stn5 "
"959","	- 0.0303 * oxygen_flow_stn1 "
"960","	+ 0.0383 * oxygen_flow_stn3 "
"961","	+ 0.0251 * oxygen_flow_stn4 "
"962","	- 0.0567 * oxygen_flow_stn5 "
"963","	+ 0.0145 * NH3_online_reading "
"964","	- 0.3448 * optical_density "
"965","	- 0.0399 * ammonia_pump_flow_1 "
"966","	- 0.3527 * ammonia_pump_flow_2 "
"967","	+ 0.032 * Cooling_Loop_A_Broth_Return_to_Fermenter_mixer_ "
"968","	- 0.0565 * Tempered_Water_Temperature_before_Temped_water_cooler "
"969","	- 0.0238 * Cooling_Water_Return_for_Temped_System "
"970","	+ 0.0045 * Cooling_loop_A_valve_opening "
"971","	- 0.0006 * Cooling_loop_B_valve_opening "
"972","	+ 0.0886 * pump_inlet "
"973","	- 0.4567 * oxygen_pressure_to_fermentor_loop_mixture "
"974","	- 0.1364 * phosphoric_acid_flow "
"975","	+ 0.0016 * sodium_hydroxide_flow "
"976","	- 0.1208 * trace_elements_flow "
"977","	- 0.0865 * magnesium.potassium_flow "
"978","	+ 0.0478 * spare_dosing_pump_flow "
"979","	- 0.0066 * Fermentor_fliud_to_ammonia_._OD_meter_L.h "
"980","	+ 0.0741 * O2_Ch4_ratio.staion1 "
"981","	+ 0.0291 * O2_Ch4_ratio.staion4 "
"982","	+ 0.1219 * O2_Ch4_ratio.staion5 "
"983","	+ 0.0054 * Final.OD "
"984","	+ 0.0534 * DCW.CPI..g.L. "
"985","	- 0.0118 * NH4.Offline..ppm. "
"986","	+ 0.0022 * K..ppm. "
"987","	+ 0.0237 * LEL.... "
"988","	- 1.4085 * Offline.pH "
"989","	+ 0.0473 * Productivity..kg.DCW.h. "
"990","	+ 0.0019 * NH4.Productivity..kg.DCW.h. "
"991","	+ 48.6982 [33/4.947%]"
"992","Rule: 19"
"993","IF"
"994","	oxygen_flow_stn4 <= 3.05"
"995","	DCW.CPI..g.L. > 4.918"
"996","	calcium_chloride_flow <= 0.5"
"997","	oxygen_flow_stn3 <= 4.15"
"998","	Offline.pH > 6.153"
"999","THEN"
"1000","interpolated_acetic = "
"1001","	-0.2502 * vessel "
"1002","	- 0.0054 * Level_on_the_seperator "
"1003","	- 0.0333 * harvest_flow "
"1004","	+ 0.3051 * pH_at_stn5 "
"1005","	+ 1.1363 * pH_at_stn1 "
"1006","	+ 0.0822 * CO2_in_offgas "
"1007","	+ 0.0052 * LEL_in_offgas "
"1008","	+ 0.0003 * dissolved_oxygen_at_stn1 "
"1009","	- 0.0519 * dissolved_oxygen_at_stn2 "
"1010","	+ 0.0877 * dissolved_oxygen_at_stn3 "
"1011","	- 0.0326 * dissolved_oxygen_at_stn4 "
"1012","	+ 0.0013 * dissolved_oxygen_at_stn5 "
"1013","	- 0.021 * methane_flow_stn1 "
"1014","	+ 0.1334 * methane_flow_stn5 "
"1015","	- 0.0331 * oxygen_flow_stn1 "
"1016","	+ 0.1207 * oxygen_flow_stn3 "
"1017","	+ 0.0236 * oxygen_flow_stn4 "
"1018","	+ 0.0061 * NH3_online_reading "
"1019","	- 0.3099 * optical_density "
"1020","	+ 0.0523 * ammonia_pump_flow_1 "
"1021","	- 0.4154 * ammonia_pump_flow_2 "
"1022","	+ 0.0345 * Cooling_Loop_A_Broth_Return_to_Fermenter_mixer_ "
"1023","	- 0.0635 * Tempered_Water_Temperature_before_Temped_water_cooler "
"1024","	- 0.0037 * Cooling_Water_Return_for_Temped_System "
"1025","	+ 0.0012 * Cooling_loop_A_valve_opening "
"1026","	+ 0.0011 * Cooling_loop_B_valve_opening "
"1027","	- 0.7457 * oxygen_pressure_to_fermentor_loop_mixture "
"1028","	- 0.1524 * phosphoric_acid_flow "
"1029","	- 0.1198 * trace_elements_flow "
"1030","	- 0.054 * calcium_chloride_flow "
"1031","	- 0.0709 * magnesium.potassium_flow "
"1032","	+ 0.0476 * spare_dosing_pump_flow "
"1033","	- 0.3774 * ammonia_totalier "
"1034","	+ 0.0007 * Fermentor_fliud_to_ammonia_._OD_meter_L.h "
"1035","	+ 0.0755 * O2_Ch4_ratio.staion1 "
"1036","	+ 0.0043 * O2_Ch4_ratio.staion4 "
"1037","	+ 0.1583 * O2_Ch4_ratio.staion5 "
"1038","	+ 0.0024 * Final.OD "
"1039","	- 0.0008 * DCW.CPI..g.L. "
"1040","	- 0.0062 * NH4.Offline..ppm. "
"1041","	+ 0.004 * K..ppm. "
"1042","	+ 0.0102 * LEL.... "
"1043","	+ 0.1842 * Offline.pH "
"1044","	+ 0.0366 * Productivity..kg.DCW.h. "
"1045","	+ 0.1122 * NH4.Productivity..kg.DCW.h. "
"1046","	+ 8.9699 [45/2.624%]"
"1047","Rule: 20"
"1048","IF"
"1049","	oxygen_flow_stn4 > 3.05"
"1050","	phosphoric_acid_flow <= 0.65"
"1051","	phosphoric_acid_flow <= 0.55"
"1052","	magnesium.potassium_flow <= 1.75"
"1053","THEN"
"1054","interpolated_acetic = "
"1055","	-0.047 * vessel "
"1056","	- 0.0274 * Level_on_the_seperator "
"1057","	+ 0.335 * harvest_flow "
"1058","	+ 1.8772 * pH_at_stn5 "
"1059","	- 0.0681 * pH_at_stn1 "
"1060","	- 0.169 * CO2_in_offgas "
"1061","	+ 0.0165 * LEL_in_offgas "
"1062","	+ 0.163 * dissolved_oxygen_at_stn1 "
"1063","	+ 0.1697 * dissolved_oxygen_at_stn2 "
"1064","	+ 0.0154 * dissolved_oxygen_at_stn3 "
"1065","	- 0.0012 * dissolved_oxygen_at_stn4 "
"1066","	- 0.0105 * dissolved_oxygen_at_stn5 "
"1067","	+ 0.1095 * methane_flow_stn3 "
"1068","	- 0.0393 * oxygen_flow_stn1 "
"1069","	- 0.0467 * oxygen_flow_stn3 "
"1070","	+ 0.0275 * oxygen_flow_stn4 "
"1071","	- 0.0169 * NH3_online_reading "
"1072","	- 0.068 * optical_density "
"1073","	- 0.016 * ammonia_pump_flow_1 "
"1074","	- 0.01 * ammonia_pump_flow_2 "
"1075","	+ 0.1018 * Cooling_Loop_A_Broth_Return_to_Fermenter_mixer_ "
"1076","	+ 0.012 * Cooling_Loop_B_Broth_Return_to_Fermenter_mixer_J1117 "
"1077","	- 0.1794 * Tempered_Water_Temperature_before_Temped_water_cooler "
"1078","	+ 0.0871 * Cooling_Water_Return_for_Temped_System "
"1079","	- 0.0102 * Cooling_loop_B_valve_opening "
"1080","	- 0.7037 * phosphoric_acid_flow "
"1081","	+ 0.0052 * sodium_hydroxide_flow "
"1082","	- 1.0267 * trace_elements_flow "
"1083","	- 0.0647 * ferrus_sulphate_flow "
"1084","	- 0.6125 * magnesium.potassium_flow "
"1085","	+ 0.2005 * spare_dosing_pump_flow "
"1086","	- 0.0034 * Fermentor_fliud_to_ammonia_._OD_meter_L.h "
"1087","	+ 0.0596 * O2_Ch4_ratio.staion1 "
"1088","	+ 0.0061 * O2_Ch4_ratio.staion4 "
"1089","	- 0.1571 * O2_Ch4_ratio.staion5 "
"1090","	- 0.0273 * Final.OD "
"1091","	- 0.0008 * DCW.CPI..g.L. "
"1092","	+ 0.0695 * NH4.Offline..ppm. "
"1093","	+ 0.0095 * K..ppm. "
"1094","	+ 0.0198 * LEL.... "
"1095","	- 0.3299 * Offline.pH "
"1096","	+ 0.1011 * Productivity..kg.DCW.h. "
"1097","	+ 0.086 * NH4.Productivity..kg.DCW.h. "
"1098","	+ 2.5024 [30/3.082%]"
"1099","Rule: 21"
"1100","IF"
"1101","	oxygen_flow_stn4 > 3.05"
"1102","	phosphoric_acid_flow <= 0.65"
"1103","	Tempered_Water_Temperature_before_Temped_water_cooler > 43.15"
"1104","THEN"
"1105","interpolated_acetic = "
"1106","	-0.0669 * vessel "
"1107","	- 0.0335 * Level_on_the_seperator "
"1108","	- 0.2193 * harvest_flow "
"1109","	+ 7.5834 * pH_at_stn5 "
"1110","	- 0.1028 * pH_at_stn1 "
"1111","	- 2.8812 * CO2_in_offgas "
"1112","	+ 0.02 * LEL_in_offgas "
"1113","	+ 0.1805 * dissolved_oxygen_at_stn1 "
"1114","	+ 0.2707 * dissolved_oxygen_at_stn2 "
"1115","	+ 0.0055 * dissolved_oxygen_at_stn4 "
"1116","	- 0.0186 * dissolved_oxygen_at_stn5 "
"1117","	+ 0.0927 * methane_flow_stn3 "
"1118","	- 0.0321 * oxygen_flow_stn1 "
"1119","	+ 0.0111 * oxygen_flow_stn3 "
"1120","	+ 0.0307 * oxygen_flow_stn4 "
"1121","	- 0.0195 * NH3_online_reading "
"1122","	- 0.0772 * optical_density "
"1123","	- 0.4568 * ammonia_pump_flow_1 "
"1124","	- 0.0174 * ammonia_pump_flow_2 "
"1125","	+ 0.0038 * Cooling_Loop_B_Broth_Return_to_Fermenter_mixer_J1117 "
"1126","	- 0.266 * Tempered_Water_Temperature_before_Temped_water_cooler "
"1127","	+ 0.016 * Cooling_Water_Return_for_Temped_System "
"1128","	+ 0.0015 * Cooling_loop_A_valve_opening "
"1129","	+ 0.0005 * Cooling_loop_B_valve_opening "
"1130","	- 0.5018 * phosphoric_acid_flow "
"1131","	- 0.0918 * ferrus_sulphate_flow "
"1132","	- 0.048 * magnesium.potassium_flow "
"1133","	+ 0.235 * spare_dosing_pump_flow "
"1134","	- 0.0034 * Fermentor_fliud_to_ammonia_._OD_meter_L.h "
"1135","	+ 0.065 * O2_Ch4_ratio.staion1 "
"1136","	+ 0.0085 * O2_Ch4_ratio.staion4 "
"1137","	+ 0.3978 * O2_Ch4_ratio.staion5 "
"1138","	- 0.1722 * Final.OD "
"1139","	- 0.001 * DCW.CPI..g.L. "
"1140","	+ 0.0307 * NH4.Offline..ppm. "
"1141","	+ 0.0052 * K..ppm. "
"1142","	- 0.0282 * LEL.... "
"1143","	- 1.3907 * Offline.pH "
"1144","	+ 0.0864 * Productivity..kg.DCW.h. "
"1145","	- 0.0108 * NH4.Productivity..kg.DCW.h. "
"1146","	- 6.4116 [47/4.35%]"
"1147","Rule: 22"
"1148","IF"
"1149","	dissolved_oxygen_at_stn5 > 0.85"
"1150","	K..ppm. <= 28.032"
"1151","	O2_Ch4_ratio.staion1 <= 1.487"
"1152","THEN"
"1153","interpolated_acetic = "
"1154","	0.372 * vessel "
"1155","	- 0.0075 * Level_on_the_seperator "
"1156","	+ 2.1545 * pH_at_stn5 "
"1157","	+ 13.3005 * pH_at_stn1 "
"1158","	- 0.0337 * CH4_in_offgas "
"1159","	+ 0.0458 * CO2_in_offgas "
"1160","	- 0.57 * LEL_in_offgas "
"1161","	+ 0.7025 * dissolved_oxygen_at_stn1 "
"1162","	+ 1.183 * dissolved_oxygen_at_stn2 "
"1163","	+ 0.0001 * dissolved_oxygen_at_stn3 "
"1164","	+ 0.0159 * dissolved_oxygen_at_stn4 "
"1165","	+ 0.0015 * dissolved_oxygen_at_stn5 "
"1166","	+ 0.0275 * methane_flow_stn1 "
"1167","	+ 0.1234 * methane_flow_stn2 "
"1168","	+ 0.1284 * methane_flow_stn3 "
"1169","	+ 0.0242 * methane_flow_stn5 "
"1170","	- 0.0189 * oxygen_flow_stn1 "
"1171","	+ 0.0579 * oxygen_flow_stn3 "
"1172","	- 0.0065 * NH3_online_reading "
"1173","	- 0.4658 * optical_density "
"1174","	- 0.207 * ammonia_pump_flow_1 "
"1175","	- 0.0444 * ammonia_pump_flow_2 "
"1176","	- 0.0152 * Cooling_Loop_A_Broth_Return_to_Fermenter_mixer_ "
"1177","	- 0.0515 * Cooling_Loop_B_Broth_Return_to_Fermenter_mixer_J1117 "
"1178","	- 0.461 * Tempered_Water_Temperature_before_Temped_water_cooler "
"1179","	- 0.0092 * Tempered_Water_Temperature_after_Temped_water_cooler "
"1180","	- 0.0353 * Cooling_Water_Return_for_Temped_System "
"1181","	+ 0.0016 * Cooling_loop_B_valve_opening "
"1182","	- 0.036 * pump_inlet "
"1183","	- 0.0474 * oxygen_pressure_to_fermentor_loop_mixture "
"1184","	- 1.0926 * phosphoric_acid_flow "
"1185","	- 0.1146 * trace_elements_flow "
"1186","	+ 0.1157 * calcium_chloride_flow "
"1187","	- 0.0866 * magnesium.potassium_flow "
"1188","	+ 0.4946 * spare_dosing_pump_flow "
"1189","	- 0.0034 * Fermentor_fliud_to_ammonia_._OD_meter_L.h "
"1190","	- 3.9785 * O2_Ch4_ratio.staion1 "
"1191","	+ 0.0101 * O2_Ch4_ratio.staion4 "
"1192","	- 0.2341 * O2_Ch4_ratio.staion5 "
"1193","	- 0.0473 * Final.OD "
"1194","	+ 0.0778 * DCW.CPI..g.L. "
"1195","	+ 0.0008 * NH4.Offline..ppm. "
"1196","	+ 0.0126 * K..ppm. "
"1197","	- 0.0243 * LEL.... "
"1198","	- 0.8731 * Offline.pH "
"1199","	- 0.0823 * NH4.Productivity..kg.DCW.h. "
"1200","	- 70.6917 [44/22.406%]"
"1201","Rule: 23"
"1202","IF"
"1203","	dissolved_oxygen_at_stn5 > 0.85"
"1204","	O2_Ch4_ratio.staion5 > 0.373"
"1205","	NH4.Productivity..kg.DCW.h. > 1.773"
"1206","	K..ppm. <= 35.774"
"1207","THEN"
"1208","interpolated_acetic = "
"1209","	-0.5623 * vessel "
"1210","	+ 1.3483 * pH_at_stn5 "
"1211","	- 0.3403 * CH4_in_offgas "
"1212","	- 0.0404 * CO2_in_offgas "
"1213","	- 0.0781 * LEL_in_offgas "
"1214","	+ 3.2398 * dissolved_oxygen_at_stn1 "
"1215","	+ 0.185 * dissolved_oxygen_at_stn2 "
"1216","	+ 0.0723 * dissolved_oxygen_at_stn3 "
"1217","	+ 0.018 * dissolved_oxygen_at_stn4 "
"1218","	- 0.0188 * dissolved_oxygen_at_stn5 "
"1219","	+ 0.0572 * methane_flow_stn1 "
"1220","	+ 0.158 * methane_flow_stn3 "
"1221","	+ 0.0746 * methane_flow_stn5 "
"1222","	- 0.2442 * oxygen_flow_stn1 "
"1223","	- 0.21 * oxygen_flow_stn3 "
"1224","	+ 0.1819 * oxygen_flow_stn4 "
"1225","	- 0.0114 * NH3_online_reading "
"1226","	- 0.0813 * optical_density "
"1227","	+ 0.1499 * ammonia_pump_flow_1 "
"1228","	- 0.0511 * ammonia_pump_flow_2 "
"1229","	- 0.1512 * Cooling_Loop_A_Broth_Return_to_Fermenter_mixer_ "
"1230","	+ 0.0186 * Cooling_Water_Return_for_Temped_System "
"1231","	+ 0.0023 * Cooling_loop_A_valve_opening "
"1232","	+ 0.0007 * Cooling_loop_B_valve_opening "
"1233","	- 0.2043 * phosphoric_acid_flow "
"1234","	- 0.0418 * trace_elements_flow "
"1235","	+ 0.2101 * calcium_chloride_flow "
"1236","	- 0.1899 * magnesium.potassium_flow "
"1237","	+ 0.0023 * Fermentor_fliud_to_ammonia_._OD_meter_L.h "
"1238","	+ 0.1231 * O2_Ch4_ratio.staion1 "
"1239","	+ 0.0146 * O2_Ch4_ratio.staion4 "
"1240","	+ 0.5684 * O2_Ch4_ratio.staion5 "
"1241","	- 0.0525 * Final.OD "
"1242","	+ 0.0749 * DCW.CPI..g.L. "
"1243","	+ 0.0015 * NH4.Offline..ppm. "
"1244","	+ 0.0366 * K..ppm. "
"1245","	- 0.0051 * LEL.... "
"1246","	- 2.328 * Offline.pH "
"1247","	- 0.1952 * NH4.Productivity..kg.DCW.h. "
"1248","	+ 42.3354 [48/4.156%]"
"1249","Rule: 24"
"1250","IF"
"1251","	dissolved_oxygen_at_stn5 <= 1.15"
"1252","	O2_Ch4_ratio.staion4 <= 6.938"
"1253","	ammonia_pump_flow_2 <= 0.75"
"1254","	methane_flow_stn5 <= 1.65"
"1255","	ferrus_sulphate_flow <= 1.05"
"1256","	NH4.Productivity..kg.DCW.h. <= 2.809"
"1257","	K..ppm. <= 36.933"
"1258","THEN"
"1259","interpolated_acetic = "
"1260","	-2.619 * vessel "
"1261","	+ 0.0179 * Level_on_the_seperator "
"1262","	+ 0.5177 * pH_at_stn5 "
"1263","	+ 0.3733 * pH_at_stn1 "
"1264","	- 3.7994 * CH4_in_offgas "
"1265","	+ 0.1842 * CO2_in_offgas "
"1266","	+ 0.0264 * LEL_in_offgas "
"1267","	+ 0.1638 * dissolved_oxygen_at_stn1 "
"1268","	+ 0.5821 * dissolved_oxygen_at_stn2 "
"1269","	+ 0.0745 * dissolved_oxygen_at_stn3 "
"1270","	- 0.0036 * dissolved_oxygen_at_stn4 "
"1271","	+ 0.0078 * dissolved_oxygen_at_stn5 "
"1272","	- 1.0776 * methane_flow_stn1 "
"1273","	+ 1.0388 * methane_flow_stn3 "
"1274","	+ 0.0155 * methane_flow_stn5 "
"1275","	- 0.022 * oxygen_flow_stn1 "
"1276","	- 0.0043 * oxygen_flow_stn3 "
"1277","	+ 0.0291 * oxygen_flow_stn4 "
"1278","	+ 0.1206 * NH3_online_reading "
"1279","	- 0.105 * ammonia_pump_flow_1 "
"1280","	- 0.1355 * ammonia_pump_flow_2 "
"1281","	- 0.0219 * Cooling_Loop_A_Broth_Return_to_Fermenter_mixer_ "
"1282","	- 0.0868 * Tempered_Water_Temperature_after_Temped_water_cooler "
"1283","	+ 0.0098 * Cooling_Water_Return_for_Temped_System "
"1284","	+ 0.0046 * Cooling_loop_A_valve_opening "
"1285","	+ 0.0008 * Cooling_loop_B_valve_opening "
"1286","	+ 0.0405 * oxygen_pressure_to_fermentor_loop_mixture "
"1287","	- 0.1666 * phosphoric_acid_flow "
"1288","	- 0.3871 * ferrus_sulphate_flow "
"1289","	+ 0.1318 * calcium_chloride_flow "
"1290","	- 0.1294 * magnesium.potassium_flow "
"1291","	+ 0.035 * spare_dosing_pump_flow "
"1292","	- 0.0216 * Fermentor_fliud_to_ammonia_._OD_meter_L.h "
"1293","	+ 0.3091 * O2_Ch4_ratio.staion1 "
"1294","	+ 0.0576 * O2_Ch4_ratio.staion4 "
"1295","	+ 0.1292 * O2_Ch4_ratio.staion5 "
"1296","	+ 0.0088 * Final.OD "
"1297","	+ 0.0008 * DCW.CPI..g.L. "
"1298","	- 0.2965 * NH4.Offline..ppm. "
"1299","	- 0.0018 * K..ppm. "
"1300","	- 0.0059 * LEL.... "
"1301","	- 3.0176 * Offline.pH "
"1302","	+ 0.036 * NH4.Productivity..kg.DCW.h. "
"1303","	+ 136.0011 [103/17.262%]"
"1304","Rule: 25"
"1305","IF"
"1306","	ammonia_pump_flow_2 <= 0.65"
"1307","	dissolved_oxygen_at_stn4 > 1.85"
"1308","	phosphoric_acid_flow > 0.55"
"1309","	O2_Ch4_ratio.staion1 <= 1.491"
"1310","	phosphoric_acid_flow <= 0.75"
"1311","	Offline.pH <= 6.261"
"1312","THEN"
"1313","interpolated_acetic = "
"1314","	0.3899 * vessel "
"1315","	+ 0.0208 * Level_on_the_seperator "
"1316","	+ 13.9134 * harvest_flow "
"1317","	+ 1.2018 * pH_at_stn5 "
"1318","	+ 0.9781 * CO2_in_offgas "
"1319","	- 0.1278 * LEL_in_offgas "
"1320","	+ 0.0678 * dissolved_oxygen_at_stn1 "
"1321","	- 0.1138 * dissolved_oxygen_at_stn2 "
"1322","	- 0.0171 * dissolved_oxygen_at_stn3 "
"1323","	- 0.2045 * dissolved_oxygen_at_stn4 "
"1324","	+ 0.621 * dissolved_oxygen_at_stn5 "
"1325","	- 0.0051 * methane_flow_stn1 "
"1326","	+ 0.1091 * methane_flow_stn3 "
"1327","	+ 0.0346 * oxygen_flow_stn1 "
"1328","	- 0.0008 * NH3_online_reading "
"1329","	- 0.2067 * optical_density "
"1330","	- 1.6514 * ammonia_pump_flow_1 "
"1331","	+ 0.0345 * ammonia_pump_flow_2 "
"1332","	+ 0.0213 * Cooling_Loop_B_Broth_Return_to_Fermenter_mixer_J1117 "
"1333","	- 1.0489 * Tempered_Water_Temperature_before_Temped_water_cooler "
"1334","	- 0.0027 * Tempered_Water_Temperature_after_Temped_water_cooler "
"1335","	+ 0.3121 * Cooling_Water_Return_for_Temped_System "
"1336","	+ 0.0052 * Cooling_loop_B_valve_opening "
"1337","	- 4.1257 * phosphoric_acid_flow "
"1338","	+ 0.2982 * spare_dosing_pump_flow "
"1339","	+ 0.0036 * oxygen_totaliser "
"1340","	+ 0.0003 * Fermentor_fliud_to_ammonia_._OD_meter_L.h "
"1341","	- 0.6605 * O2_Ch4_ratio.staion1 "
"1342","	+ 0.009 * O2_Ch4_ratio.staion4 "
"1343","	+ 0.121 * O2_Ch4_ratio.staion5 "
"1344","	- 0.0673 * Final.OD "
"1345","	+ 0.0423 * DCW.CPI..g.L. "
"1346","	- 0.0046 * NH4.Offline..ppm. "
"1347","	- 0.1386 * K..ppm. "
"1348","	- 0.9693 * Offline.pH "
"1349","	- 0.0032 * Productivity..kg.DCW.h. "
"1350","	- 0.0429 * NH4.Productivity..kg.DCW.h. "
"1351","	+ 23.1512 [81/12.269%]"
"1352","Rule: 26"
"1353","IF"
"1354","	ammonia_pump_flow_2 <= 0.65"
"1355","	dissolved_oxygen_at_stn4 <= 1.85"
"1356","	dissolved_oxygen_at_stn1 <= 0.85"
"1357","	dissolved_oxygen_at_stn2 > 3.55"
"1358","THEN"
"1359","interpolated_acetic = "
"1360","	-1.0514 * vessel "
"1361","	- 0.0233 * Level_on_the_seperator "
"1362","	+ 0.4734 * harvest_flow "
"1363","	+ 0.4576 * pH_at_stn5 "
"1364","	+ 0.3072 * CH4_in_offgas "
"1365","	- 0.1322 * CO2_in_offgas "
"1366","	+ 0.2106 * LEL_in_offgas "
"1367","	+ 0.4406 * dissolved_oxygen_at_stn1 "
"1368","	+ 0.0942 * dissolved_oxygen_at_stn2 "
"1369","	+ 0.0126 * dissolved_oxygen_at_stn5 "
"1370","	- 0.075 * methane_flow_stn1 "
"1371","	+ 0.2492 * methane_flow_stn2 "
"1372","	+ 0.1394 * methane_flow_stn3 "
"1373","	- 0.1705 * oxygen_flow_stn2 "
"1374","	- 0.0152 * NH3_online_reading "
"1375","	- 0.2578 * optical_density "
"1376","	- 0.0542 * ammonia_pump_flow_1 "
"1377","	- 0.1429 * ammonia_pump_flow_2 "
"1378","	- 0.0782 * Cooling_Loop_A_Broth_Return_to_Fermenter_mixer_ "
"1379","	- 0.0777 * Tempered_Water_Temperature_after_Temped_water_cooler "
"1380","	+ 0.0121 * Cooling_Water_Return_for_Temped_System "
"1381","	+ 0.0114 * Cooling_loop_B_valve_opening "
"1382","	- 1.1297 * phosphoric_acid_flow "
"1383","	+ 0.0698 * spare_dosing_pump_flow "
"1384","	+ 0.0115 * oxygen_totaliser "
"1385","	+ 0.0033 * Fermentor_fliud_to_ammonia_._OD_meter_L.h "
"1386","	+ 0.1318 * O2_Ch4_ratio.staion1 "
"1387","	+ 0.0125 * O2_Ch4_ratio.staion4 "
"1388","	- 0.0082 * Final.OD "
"1389","	+ 0.0945 * DCW.CPI..g.L. "
"1390","	+ 0.0469 * NH4.Offline..ppm. "
"1391","	- 0.004 * K..ppm. "
"1392","	- 0.2914 * Offline.pH "
"1393","	+ 0.115 * Productivity..kg.DCW.h. "
"1394","	- 0.1378 * NH4.Productivity..kg.DCW.h. "
"1395","	+ 53.4508 [32/3.383%]"
"1396","Rule: 27"
"1397","IF"
"1398","	ammonia_pump_flow_2 <= 0.65"
"1399","	O2_Ch4_ratio.staion1 <= 1.475"
"1400","	oxygen_flow_stn4 > 3.15"
"1401","	phosphoric_acid_flow <= 0.55"
"1402","	Final.OD <= 24.287"
"1403","	Offline.pH <= 6.183"
"1404","THEN"
"1405","interpolated_acetic = "
"1406","	-0.7526 * vessel "
"1407","	- 0.0241 * Level_on_the_seperator "
"1408","	+ 4.2318 * harvest_flow "
"1409","	+ 0.7937 * pH_at_stn5 "
"1410","	- 0.2081 * CH4_in_offgas "
"1411","	- 0.0481 * CO2_in_offgas "
"1412","	+ 0.0078 * LEL_in_offgas "
"1413","	+ 0.1946 * dissolved_oxygen_at_stn2 "
"1414","	- 0.021 * dissolved_oxygen_at_stn3 "
"1415","	+ 0.044 * dissolved_oxygen_at_stn4 "
"1416","	- 0.0018 * dissolved_oxygen_at_stn5 "
"1417","	+ 0.0335 * methane_flow_stn1 "
"1418","	+ 0.1648 * methane_flow_stn3 "
"1419","	+ 0.189 * oxygen_flow_stn4 "
"1420","	- 0.0102 * NH3_online_reading "
"1421","	- 0.2322 * optical_density "
"1422","	+ 0.1271 * ammonia_pump_flow_1 "
"1423","	+ 0.0217 * ammonia_pump_flow_2 "
"1424","	+ 0.1841 * Cooling_Loop_B_Broth_Return_to_Fermenter_mixer_J1117 "
"1425","	- 0.5529 * Tempered_Water_Temperature_before_Temped_water_cooler "
"1426","	+ 0.1147 * Cooling_Water_Return_for_Temped_System "
"1427","	+ 0.0038 * Cooling_loop_A_valve_opening "
"1428","	+ 0.0042 * Cooling_loop_B_valve_opening "
"1429","	- 1.605 * phosphoric_acid_flow "
"1430","	- 0.3728 * magnesium.potassium_flow "
"1431","	+ 0.0931 * spare_dosing_pump_flow "
"1432","	- 0.3435 * ammonia_totalier "
"1433","	+ 0.077 * oxygen_totaliser "
"1434","	+ 0.5752 * O2_Ch4_ratio.staion1 "
"1435","	+ 0.0986 * O2_Ch4_ratio.staion3 "
"1436","	+ 0.0147 * O2_Ch4_ratio.staion4 "
"1437","	+ 0.141 * O2_Ch4_ratio.staion5 "
"1438","	- 0.1292 * Final.OD "
"1439","	- 0.0105 * DCW.CPI..g.L. "
"1440","	+ 0.0152 * NH4.Offline..ppm. "
"1441","	+ 0.008 * K..ppm. "
"1442","	+ 0.022 * LEL.... "
"1443","	- 6.6216 * Offline.pH "
"1444","	+ 0.1374 * Productivity..kg.DCW.h. "
"1445","	+ 0.1094 * NH4.Productivity..kg.DCW.h. "
"1446","	+ 88.1441 [44/3.117%]"
"1447","Rule: 28"
"1448","IF"
"1449","	ammonia_pump_flow_2 <= 0.65"
"1450","	O2_Ch4_ratio.staion1 > 1.475"
"1451","	spare_dosing_pump_flow > 1.4"
"1452","	DCW.CPI..g.L. <= 8.797"
"1453","	O2_Ch4_ratio.staion3 > 1.536"
"1454","	DCW.CPI..g.L. > 7.053"
"1455","THEN"
"1456","interpolated_acetic = "
"1457","	-0.4178 * vessel "
"1458","	- 0.0516 * Level_on_the_seperator "
"1459","	+ 0.424 * harvest_flow "
"1460","	+ 4.3862 * pH_at_stn5 "
"1461","	+ 0.0415 * CH4_in_offgas "
"1462","	- 0.0676 * CO2_in_offgas "
"1463","	- 0.0146 * LEL_in_offgas "
"1464","	+ 0.8107 * dissolved_oxygen_at_stn1 "
"1465","	- 0.05 * dissolved_oxygen_at_stn2 "
"1466","	+ 0.0231 * dissolved_oxygen_at_stn3 "
"1467","	- 0.0047 * dissolved_oxygen_at_stn4 "
"1468","	+ 0.1151 * dissolved_oxygen_at_stn5 "
"1469","	+ 0.3245 * methane_flow_stn1 "
"1470","	+ 0.0913 * oxygen_flow_stn4 "
"1471","	+ 0.0144 * NH3_online_reading "
"1472","	- 0.1708 * optical_density "
"1473","	- 0.2186 * ammonia_pump_flow_1 "
"1474","	- 0.0147 * ammonia_pump_flow_2 "
"1475","	+ 0.0125 * Cooling_Water_Return_for_Temped_System "
"1476","	+ 0.0055 * Cooling_loop_B_valve_opening "
"1477","	- 3.5887 * phosphoric_acid_flow "
"1478","	- 0.4551 * magnesium.potassium_flow "
"1479","	+ 0.2507 * spare_dosing_pump_flow "
"1480","	+ 0.4075 * O2_Ch4_ratio.staion1 "
"1481","	+ 0.2298 * O2_Ch4_ratio.staion3 "
"1482","	- 0.0634 * O2_Ch4_ratio.staion4 "
"1483","	+ 3.1155 * O2_Ch4_ratio.staion5 "
"1484","	- 0.0088 * Final.OD "
"1485","	+ 0.3601 * DCW.CPI..g.L. "
"1486","	+ 0.0082 * NH4.Offline..ppm. "
"1487","	+ 0.0191 * K..ppm. "
"1488","	- 0.0057 * LEL.... "
"1489","	- 0.3112 * Offline.pH "
"1490","	+ 0.0231 * NH4.Productivity..kg.DCW.h. "
"1491","	- 5.9933 [38/12.995%]"
"1492","Rule: 29"
"1493","IF"
"1494","	ammonia_pump_flow_2 <= 0.65"
"1495","	NH3_online_reading <= 15.65"
"1496","	DCW.CPI..g.L. <= 7.043"
"1497","	Offline.pH > 6.199"
"1498","	optical_density > 1.15"
"1499","THEN"
"1500","interpolated_acetic = "
"1501","	-0.4252 * vessel "
"1502","	+ 0.6122 * harvest_flow "
"1503","	+ 0.0657 * CH4_in_offgas "
"1504","	- 0.0765 * CO2_in_offgas "
"1505","	+ 0.0204 * LEL_in_offgas "
"1506","	+ 0.5011 * dissolved_oxygen_at_stn1 "
"1507","	- 0.024 * dissolved_oxygen_at_stn2 "
"1508","	+ 0.0058 * dissolved_oxygen_at_stn3 "
"1509","	- 0.0029 * dissolved_oxygen_at_stn4 "
"1510","	+ 0.1454 * dissolved_oxygen_at_stn5 "
"1511","	+ 0.1165 * methane_flow_stn1 "
"1512","	+ 0.394 * methane_flow_stn3 "
"1513","	- 0.4372 * oxygen_flow_stn3 "
"1514","	+ 0.195 * oxygen_flow_stn4 "
"1515","	+ 0.0099 * NH3_online_reading "
"1516","	+ 0.1501 * optical_density "
"1517","	- 0.3112 * ammonia_pump_flow_1 "
"1518","	+ 0.443 * ammonia_pump_flow_2 "
"1519","	- 0.033 * Tempered_Water_Temperature_after_Temped_water_cooler "
"1520","	+ 0.0426 * Cooling_Water_Return_for_Temped_System "
"1521","	- 0.5268 * phosphoric_acid_flow "
"1522","	- 0.6055 * magnesium.potassium_flow "
"1523","	+ 0.4413 * spare_dosing_pump_flow "
"1524","	+ 0.0427 * Fermentor_fliud_to_ammonia_._OD_meter_L.h "
"1525","	+ 0.935 * O2_Ch4_ratio.staion1 "
"1526","	+ 0.0044 * O2_Ch4_ratio.staion4 "
"1527","	+ 0.6526 * O2_Ch4_ratio.staion5 "
"1528","	- 0.0277 * Final.OD "
"1529","	+ 0.0715 * DCW.CPI..g.L. "
"1530","	+ 0.0071 * NH4.Offline..ppm. "
"1531","	- 0.0047 * K..ppm. "
"1532","	- 0.0187 * LEL.... "
"1533","	- 1.7437 * Offline.pH "
"1534","	- 0.0328 * NH4.Productivity..kg.DCW.h. "
"1535","	+ 28.2939 [32/12.22%]"
"1536","Rule: 30"
"1537","IF"
"1538","	ammonia_pump_flow_2 <= 0.65"
"1539","	O2_Ch4_ratio.staion1 > 1.477"
"1540","	spare_dosing_pump_flow <= 1.4"
"1541","	dissolved_oxygen_at_stn2 <= 3.25"
"1542","THEN"
"1543","interpolated_acetic = "
"1544","	-0.2081 * vessel "
"1545","	- 0.0115 * Level_on_the_seperator "
"1546","	+ 0.3187 * harvest_flow "
"1547","	+ 1.4934 * pH_at_stn5 "
"1548","	+ 0.0282 * CO2_in_offgas "
"1549","	- 0.0562 * LEL_in_offgas "
"1550","	+ 0.3124 * dissolved_oxygen_at_stn1 "
"1551","	- 0.1239 * dissolved_oxygen_at_stn2 "
"1552","	+ 0.0638 * dissolved_oxygen_at_stn3 "
"1553","	- 0.0302 * dissolved_oxygen_at_stn4 "
"1554","	+ 0.0479 * dissolved_oxygen_at_stn5 "
"1555","	- 0.015 * methane_flow_stn1 "
"1556","	+ 0.147 * oxygen_flow_stn4 "
"1557","	+ 0.0078 * NH3_online_reading "
"1558","	- 0.5805 * optical_density "
"1559","	- 0.423 * ammonia_pump_flow_1 "
"1560","	+ 0.2568 * Cooling_Loop_B_Broth_Return_to_Fermenter_mixer_J1117 "
"1561","	- 0.5394 * Tempered_Water_Temperature_before_Temped_water_cooler "
"1562","	+ 0.1756 * Cooling_Water_Return_for_Temped_System "
"1563","	+ 0.0044 * Cooling_loop_A_valve_opening "
"1564","	- 0.4688 * magnesium.potassium_flow "
"1565","	+ 2.1934 * spare_dosing_pump_flow "
"1566","	- 0.0336 * oxygen_totaliser "
"1567","	+ 0.593 * O2_Ch4_ratio.staion1 "
"1568","	+ 0.0018 * O2_Ch4_ratio.staion4 "
"1569","	+ 2.688 * O2_Ch4_ratio.staion5 "
"1570","	- 0.0077 * Final.OD "
"1571","	+ 0.1228 * DCW.CPI..g.L. "
"1572","	+ 0.0076 * K..ppm. "
"1573","	- 0.4599 * Offline.pH "
"1574","	- 0.0165 * NH4.Productivity..kg.DCW.h. "
"1575","	+ 7.1745 [28/3.078%]"
"1576","Rule: 31"
"1577","IF"
"1578","	ammonia_pump_flow_2 <= 0.65"
"1579","	NH3_online_reading > 15.65"
"1580","	DCW.CPI..g.L. > 3.161"
"1581","	Tempered_Water_Temperature_before_Temped_water_cooler <= 43.15"
"1582","	phosphoric_acid_flow <= 0.55"
"1583","	Final.OD > 24.178"
"1584","THEN"
"1585","interpolated_acetic = "
"1586","	0.5741 * vessel "
"1587","	- 0.0612 * Level_on_the_seperator "
"1588","	- 0.1826 * harvest_flow "
"1589","	+ 1.1196 * CH4_in_offgas "
"1590","	- 0.4374 * CO2_in_offgas "
"1591","	+ 0.0193 * LEL_in_offgas "
"1592","	+ 0.3421 * dissolved_oxygen_at_stn1 "
"1593","	+ 0.2902 * dissolved_oxygen_at_stn2 "
"1594","	- 0.046 * dissolved_oxygen_at_stn4 "
"1595","	+ 0.021 * dissolved_oxygen_at_stn5 "
"1596","	+ 0.0069 * methane_flow_stn1 "
"1597","	+ 0.1278 * methane_flow_stn2 "
"1598","	+ 0.2769 * methane_flow_stn3 "
"1599","	+ 0.2752 * methane_flow_stn4 "
"1600","	- 0.4848 * oxygen_flow_stn1 "
"1601","	+ 0.3821 * oxygen_flow_stn3 "
"1602","	- 0.0167 * NH3_online_reading "
"1603","	- 0.7342 * ammonia_pump_flow_1 "
"1604","	+ 0.2549 * ammonia_pump_flow_2 "
"1605","	+ 0.6521 * Cooling_Loop_B_Broth_Return_to_Fermenter_mixer_J1117 "
"1606","	- 2.3165 * Tempered_Water_Temperature_before_Temped_water_cooler "
"1607","	+ 0.0197 * Cooling_Water_Return_for_Temped_System "
"1608","	- 1.4584 * phosphoric_acid_flow "
"1609","	+ 1.2097 * calcium_chloride_flow "
"1610","	+ 0.8615 * spare_dosing_pump_flow "
"1611","	+ 0.2577 * O2_Ch4_ratio.staion1 "
"1612","	+ 0.0187 * O2_Ch4_ratio.staion4 "
"1613","	- 0.0372 * Final.OD "
"1614","	- 0.0564 * DCW.CPI..g.L. "
"1615","	+ 0.0545 * NH4.Offline..ppm. "
"1616","	+ 0.0012 * K..ppm. "
"1617","	- 1.5326 * Offline.pH "
"1618","	- 0.0384 * NH4.Productivity..kg.DCW.h. "
"1619","	+ 63.4127 [38/5.786%]"
"1620","Rule: 32"
"1621","IF"
"1622","	ammonia_pump_flow_2 <= 0.65"
"1623","	NH3_online_reading > 15.65"
"1624","	O2_Ch4_ratio.staion1 > 1.491"
"1625","	DCW.CPI..g.L. <= 8.795"
"1626","THEN"
"1627","interpolated_acetic = "
"1628","	-3.8641 * vessel "
"1629","	+ 0.4512 * harvest_flow "
"1630","	+ 0.2035 * CH4_in_offgas "
"1631","	- 1.3299 * CO2_in_offgas "
"1632","	+ 0.1521 * LEL_in_offgas "
"1633","	+ 0.9132 * dissolved_oxygen_at_stn1 "
"1634","	- 0.1617 * dissolved_oxygen_at_stn2 "
"1635","	+ 0.054 * dissolved_oxygen_at_stn3 "
"1636","	- 0.09 * dissolved_oxygen_at_stn4 "
"1637","	+ 0.151 * dissolved_oxygen_at_stn5 "
"1638","	+ 0.1203 * methane_flow_stn1 "
"1639","	+ 0.0416 * methane_flow_stn3 "
"1640","	+ 0.0082 * oxygen_flow_stn3 "
"1641","	+ 0.5778 * oxygen_flow_stn4 "
"1642","	+ 0.0048 * NH3_online_reading "
"1643","	- 0.0528 * ammonia_pump_flow_1 "
"1644","	+ 0.1355 * ammonia_pump_flow_2 "
"1645","	+ 0.0324 * Cooling_Water_Return_for_Temped_System "
"1646","	- 3.8008 * phosphoric_acid_flow "
"1647","	- 0.9907 * magnesium.potassium_flow "
"1648","	+ 0.8792 * O2_Ch4_ratio.staion1 "
"1649","	+ 0.5358 * O2_Ch4_ratio.staion3 "
"1650","	+ 0.0109 * O2_Ch4_ratio.staion4 "
"1651","	+ 1.3876 * O2_Ch4_ratio.staion5 "
"1652","	+ 0.0769 * Final.OD "
"1653","	- 0.0874 * DCW.CPI..g.L. "
"1654","	- 0.0058 * NH4.Offline..ppm. "
"1655","	+ 0.0025 * K..ppm. "
"1656","	+ 0.2615 * LEL.... "
"1657","	- 0.1625 * Offline.pH "
"1658","	- 0.0328 * NH4.Productivity..kg.DCW.h. "
"1659","	+ 174.5398 [29/2.976%]"
"1660","Rule: 33"
"1661","IF"
"1662","	ammonia_pump_flow_2 <= 0.65"
"1663","	NH3_online_reading <= 15.65"
"1664","	DCW.CPI..g.L. > 6.945"
"1665","	dissolved_oxygen_at_stn5 <= 1.55"
"1666","	methane_flow_stn3 <= 2.8"
"1667","	methane_flow_stn3 > 2.45"
"1668","THEN"
"1669","interpolated_acetic = "
"1670","	-0.5274 * vessel "
"1671","	+ 0.1657 * CO2_in_offgas "
"1672","	+ 0.0443 * LEL_in_offgas "
"1673","	+ 1.0893 * dissolved_oxygen_at_stn1 "
"1674","	- 0.0724 * dissolved_oxygen_at_stn2 "
"1675","	+ 0.0288 * dissolved_oxygen_at_stn3 "
"1676","	+ 0.2562 * dissolved_oxygen_at_stn5 "
"1677","	+ 0.0194 * methane_flow_stn1 "
"1678","	- 0.399 * methane_flow_stn3 "
"1679","	+ 0.0579 * oxygen_flow_stn3 "
"1680","	+ 0.007 * NH3_online_reading "
"1681","	- 0.513 * optical_density "
"1682","	- 0.2091 * ammonia_pump_flow_1 "
"1683","	+ 0.7248 * ammonia_pump_flow_2 "
"1684","	+ 0.0179 * Cooling_Water_Return_for_Temped_System "
"1685","	+ 0.2306 * spare_dosing_pump_flow "
"1686","	- 0.0262 * oxygen_totaliser "
"1687","	+ 0.6688 * O2_Ch4_ratio.staion1 "
"1688","	+ 0.0167 * O2_Ch4_ratio.staion4 "
"1689","	+ 1.6081 * O2_Ch4_ratio.staion5 "
"1690","	- 0.0028 * Final.OD "
"1691","	+ 0.0053 * DCW.CPI..g.L. "
"1692","	+ 0.0042 * NH4.Offline..ppm. "
"1693","	+ 0.0016 * K..ppm. "
"1694","	- 0.191 * Offline.pH "
"1695","	- 0.2183 * NH4.Productivity..kg.DCW.h. "
"1696","	+ 26.3473 [26/3.252%]"
"1697","Rule: 34"
"1698","IF"
"1699","	ammonia_pump_flow_2 > 0.65"
"1700","	NH3_online_reading > 11.15"
"1701","	NH4.Offline..ppm. <= 4.088"
"1702","	Offline.pH > 6.198"
"1703","	K..ppm. > 21.316"
"1704","	DCW.CPI..g.L. <= 9.65"
"1705","THEN"
"1706","interpolated_acetic = "
"1707","	-0.4941 * vessel "
"1708","	+ 0.1994 * harvest_flow "
"1709","	+ 0.2773 * CH4_in_offgas "
"1710","	- 0.2413 * CO2_in_offgas "
"1711","	+ 0.0124 * LEL_in_offgas "
"1712","	+ 0.0839 * dissolved_oxygen_at_stn1 "
"1713","	+ 0.0169 * dissolved_oxygen_at_stn3 "
"1714","	+ 0.3076 * dissolved_oxygen_at_stn4 "
"1715","	+ 0.0406 * dissolved_oxygen_at_stn5 "
"1716","	- 0.0256 * methane_flow_stn1 "
"1717","	+ 0.0757 * oxygen_flow_stn3 "
"1718","	- 0.003 * NH3_online_reading "
"1719","	- 0.2132 * optical_density "
"1720","	- 0.6444 * ammonia_pump_flow_1 "
"1721","	- 0.2571 * ammonia_pump_flow_2 "
"1722","	+ 0.0792 * Cooling_Water_Return_for_Temped_System "
"1723","	+ 0.0741 * spare_dosing_pump_flow "
"1724","	+ 0.0128 * oxygen_totaliser "
"1725","	+ 0.4196 * O2_Ch4_ratio.staion1 "
"1726","	- 0.0261 * O2_Ch4_ratio.staion4 "
"1727","	+ 0.5515 * O2_Ch4_ratio.staion5 "
"1728","	- 0.0537 * Final.OD "
"1729","	- 0.0728 * DCW.CPI..g.L. "
"1730","	- 0.0227 * NH4.Offline..ppm. "
"1731","	+ 0.0139 * K..ppm. "
"1732","	+ 0.5603 * Offline.pH "
"1733","	+ 0.0162 * NH4.Productivity..kg.DCW.h. "
"1734","	+ 18.0195 [23/2.668%]"
"1735","Rule: 35"
"1736","IF"
"1737","	ammonia_pump_flow_2 <= 0.65"
"1738","	NH3_online_reading <= 15.65"
"1739","	DCW.CPI..g.L. <= 8.612"
"1740","	dissolved_oxygen_at_stn3 > 3.05"
"1741","	NH3_online_reading > 8.9"
"1742","THEN"
"1743","interpolated_acetic = "
"1744","	-0.7338 * vessel "
"1745","	- 0.9729 * harvest_flow "
"1746","	+ 0.4267 * CH4_in_offgas "
"1747","	+ 0.3321 * CO2_in_offgas "
"1748","	+ 0.0653 * LEL_in_offgas "
"1749","	+ 0.8367 * dissolved_oxygen_at_stn1 "
"1750","	- 0.1185 * dissolved_oxygen_at_stn2 "
"1751","	+ 0.1812 * dissolved_oxygen_at_stn3 "
"1752","	+ 0.0662 * dissolved_oxygen_at_stn5 "
"1753","	+ 0.0296 * methane_flow_stn1 "
"1754","	- 0.1508 * oxygen_flow_stn3 "
"1755","	+ 0.0261 * NH3_online_reading "
"1756","	- 1.7839 * optical_density "
"1757","	- 0.2545 * ammonia_pump_flow_1 "
"1758","	+ 0.6585 * ammonia_pump_flow_2 "
"1759","	+ 0.0243 * Cooling_Water_Return_for_Temped_System "
"1760","	+ 0.3897 * spare_dosing_pump_flow "
"1761","	- 0.0088 * oxygen_totaliser "
"1762","	+ 1.0233 * O2_Ch4_ratio.staion1 "
"1763","	+ 0.0465 * O2_Ch4_ratio.staion2 "
"1764","	+ 0.0158 * O2_Ch4_ratio.staion4 "
"1765","	+ 1.2365 * O2_Ch4_ratio.staion5 "
"1766","	- 0.0033 * Final.OD "
"1767","	+ 0.0796 * DCW.CPI..g.L. "
"1768","	+ 0.0055 * NH4.Offline..ppm. "
"1769","	- 0.0032 * LEL.... "
"1770","	- 0.6078 * Offline.pH "
"1771","	- 0.2687 * NH4.Productivity..kg.DCW.h. "
"1772","	+ 37.3161 [20/4.465%]"
"1773","Rule: 36"
"1774","IF"
"1775","	ammonia_pump_flow_2 <= 0.65"
"1776","	DCW.CPI..g.L. <= 3.161"
"1777","	O2_Ch4_ratio.staion1 > 1.036"
"1778","THEN"
"1779","interpolated_acetic = "
"1780","	-1.0154 * vessel "
"1781","	- 0.0206 * Level_on_the_seperator "
"1782","	- 0.3716 * harvest_flow "
"1783","	+ 0.0757 * LEL_in_offgas "
"1784","	+ 0.8482 * dissolved_oxygen_at_stn1 "
"1785","	- 0.0947 * dissolved_oxygen_at_stn2 "
"1786","	+ 0.0788 * dissolved_oxygen_at_stn3 "
"1787","	+ 0.0193 * dissolved_oxygen_at_stn4 "
"1788","	- 0.2603 * methane_flow_stn1 "
"1789","	- 0.0525 * oxygen_flow_stn1 "
"1790","	+ 0.2139 * oxygen_flow_stn4 "
"1791","	+ 0.0056 * NH3_online_reading "
"1792","	- 1.1702 * ammonia_pump_flow_1 "
"1793","	+ 1.023 * ammonia_pump_flow_2 "
"1794","	+ 0.1126 * Cooling_Water_Return_for_Temped_System "
"1795","	- 1.5463 * magnesium.potassium_flow "
"1796","	+ 0.1323 * spare_dosing_pump_flow "
"1797","	- 0.0024 * Fermentor_fliud_to_ammonia_._OD_meter_L.h "
"1798","	+ 1.624 * O2_Ch4_ratio.staion1 "
"1799","	+ 0.6418 * O2_Ch4_ratio.staion5 "
"1800","	- 0.1072 * DCW.CPI..g.L. "
"1801","	+ 0.0164 * NH4.Offline..ppm. "
"1802","	+ 0.0038 * K..ppm. "
"1803","	+ 0.0235 * LEL.... "
"1804","	- 1.4939 * Offline.pH "
"1805","	+ 0.0526 * NH4.Productivity..kg.DCW.h. "
"1806","	+ 56.4688 [19/2.917%]"
"1807","Rule: 37"
"1808","IF"
"1809","	ammonia_pump_flow_2 <= 0.65"
"1810","	oxygen_flow_stn4 <= 3.05"
"1811","	DCW.CPI..g.L. > 3.013"
"1812","	Productivity..kg.DCW.h. <= 2.361"
"1813","	ammonia_pump_flow_1 > 0.9"
"1814","THEN"
"1815","interpolated_acetic = "
"1816","	-1.1184 * vessel "
"1817","	- 0.0203 * Level_on_the_seperator "
"1818","	- 0.8701 * harvest_flow "
"1819","	+ 0.1324 * CH4_in_offgas "
"1820","	+ 0.0393 * LEL_in_offgas "
"1821","	+ 0.512 * dissolved_oxygen_at_stn1 "
"1822","	- 0.193 * dissolved_oxygen_at_stn2 "
"1823","	+ 0.1654 * dissolved_oxygen_at_stn3 "
"1824","	+ 0.0171 * dissolved_oxygen_at_stn4 "
"1825","	- 0.1446 * methane_flow_stn1 "
"1826","	- 0.029 * oxygen_flow_stn1 "
"1827","	+ 0.1218 * oxygen_flow_stn4 "
"1828","	+ 0.0076 * NH3_online_reading "
"1829","	- 1.3836 * ammonia_pump_flow_1 "
"1830","	+ 0.4548 * ammonia_pump_flow_2 "
"1831","	+ 0.0933 * Cooling_Water_Return_for_Temped_System "
"1832","	- 0.4149 * spare_dosing_pump_flow "
"1833","	- 0.0056 * Fermentor_fliud_to_ammonia_._OD_meter_L.h "
"1834","	+ 0.6113 * O2_Ch4_ratio.staion1 "
"1835","	+ 0.0302 * O2_Ch4_ratio.staion2 "
"1836","	+ 0.2937 * O2_Ch4_ratio.staion5 "
"1837","	- 0.1046 * DCW.CPI..g.L. "
"1838","	+ 0.0318 * NH4.Offline..ppm. "
"1839","	+ 0.0074 * K..ppm. "
"1840","	+ 0.0209 * LEL.... "
"1841","	- 0.7947 * Offline.pH "
"1842","	+ 0.4447 * Productivity..kg.DCW.h. "
"1843","	+ 0.3768 * NH4.Productivity..kg.DCW.h. "
"1844","	+ 53.838 [18/2.621%]"
"1845","Rule: 38"
"1846","IF"
"1847","	ammonia_pump_flow_2 <= 0.65"
"1848","	oxygen_flow_stn4 <= 3.05"
"1849","	DCW.CPI..g.L. > 3.013"
"1850","	spare_dosing_pump_flow <= 2.25"
"1851","	LEL_in_offgas > 0.85"
"1852","	ammonia_pump_flow_1 > 0.35"
"1853","THEN"
"1854","interpolated_acetic = "
"1855","	-1.0862 * vessel "
"1856","	+ 0.1051 * harvest_flow "
"1857","	+ 0.1848 * CH4_in_offgas "
"1858","	- 0.0273 * LEL_in_offgas "
"1859","	+ 0.0907 * dissolved_oxygen_at_stn2 "
"1860","	+ 0.0759 * dissolved_oxygen_at_stn3 "
"1861","	+ 0.0616 * dissolved_oxygen_at_stn4 "
"1862","	- 0.3413 * methane_flow_stn1 "
"1863","	+ 0.1804 * oxygen_flow_stn1 "
"1864","	- 0.0057 * NH3_online_reading "
"1865","	- 1.7612 * ammonia_pump_flow_1 "
"1866","	+ 0.372 * ammonia_pump_flow_2 "
"1867","	+ 0.0809 * Cooling_Water_Return_for_Temped_System "
"1868","	+ 0.01 * Cooling_loop_B_valve_opening "
"1869","	- 0.3149 * magnesium.potassium_flow "
"1870","	+ 0.3063 * spare_dosing_pump_flow "
"1871","	+ 0.1632 * Methane_totalier "
"1872","	- 0.0248 * Fermentor_fliud_to_ammonia_._OD_meter_L.h "
"1873","	- 0.3099 * O2_Ch4_ratio.staion1 "
"1874","	+ 0.0299 * O2_Ch4_ratio.staion2 "
"1875","	+ 0.0173 * O2_Ch4_ratio.staion4 "
"1876","	- 0.6286 * O2_Ch4_ratio.staion5 "
"1877","	- 0.0999 * DCW.CPI..g.L. "
"1878","	+ 0.0767 * NH4.Offline..ppm. "
"1879","	+ 0.014 * K..ppm. "
"1880","	+ 0.0441 * LEL.... "
"1881","	- 0.7858 * Offline.pH "
"1882","	+ 0.3507 * NH4.Productivity..kg.DCW.h. "
"1883","	+ 53.9007 [30/21.378%]"
"1884","Rule: 39"
"1885","IF"
"1886","	ammonia_pump_flow_2 <= 0.65"
"1887","	Tempered_Water_Temperature_before_Temped_water_cooler <= 43.15"
"1888","	oxygen_flow_stn1 <= 7.1"
"1889","	phosphoric_acid_flow > 0.65"
"1890","	calcium_chloride_flow <= 0.85"
"1891","	Cooling_Loop_B_Broth_Return_to_Fermenter_mixer_J1117 <= 41.85"
"1892","THEN"
"1893","interpolated_acetic = "
"1894","	0.4781 * vessel "
"1895","	+ 20.7466 * pH_at_stn5 "
"1896","	+ 0.8596 * CH4_in_offgas "
"1897","	+ 0.4467 * CO2_in_offgas "
"1898","	+ 0.06 * LEL_in_offgas "
"1899","	+ 0.3381 * dissolved_oxygen_at_stn2 "
"1900","	- 0.0368 * dissolved_oxygen_at_stn4 "
"1901","	- 0.0836 * oxygen_flow_stn1 "
"1902","	- 0.0055 * NH3_online_reading "
"1903","	- 0.7749 * ammonia_pump_flow_2 "
"1904","	- 0.2129 * Cooling_Loop_B_Broth_Return_to_Fermenter_mixer_J1117 "
"1905","	- 2.1041 * Tempered_Water_Temperature_before_Temped_water_cooler "
"1906","	+ 0.0258 * Cooling_Water_Return_for_Temped_System "
"1907","	- 5.9239 * phosphoric_acid_flow "
"1908","	+ 0.0121 * calcium_chloride_flow "
"1909","	- 0.5093 * magnesium.potassium_flow "
"1910","	- 0.0534 * O2_Ch4_ratio.staion2 "
"1911","	- 0.0234 * O2_Ch4_ratio.staion4 "
"1912","	- 0.0833 * Final.OD "
"1913","	- 0.015 * DCW.CPI..g.L. "
"1914","	+ 0.0802 * NH4.Offline..ppm. "
"1915","	- 3.9778 * Offline.pH "
"1916","	- 13.1387 [19/4.414%]"
"1917","Rule: 40"
"1918","IF"
"1919","	ammonia_pump_flow_2 <= 0.65"
"1920","	Tempered_Water_Temperature_before_Temped_water_cooler <= 43.15"
"1921","	oxygen_totaliser <= 17.35"
"1922","THEN"
"1923","interpolated_acetic = "
"1924","	-3.113 * vessel "
"1925","	+ 31.5948 * pH_at_stn5 "
"1926","	+ 0.5581 * pH_at_stn1 "
"1927","	+ 1.501 * CH4_in_offgas "
"1928","	+ 0.6745 * CO2_in_offgas "
"1929","	+ 0.0713 * LEL_in_offgas "
"1930","	- 1.458 * dissolved_oxygen_at_stn1 "
"1931","	+ 1.2475 * dissolved_oxygen_at_stn2 "
"1932","	- 0.4016 * dissolved_oxygen_at_stn4 "
"1933","	- 0.0811 * oxygen_flow_stn1 "
"1934","	- 0.0302 * NH3_online_reading "
"1935","	+ 0.0551 * optical_density "
"1936","	+ 0.1141 * ammonia_pump_flow_1 "
"1937","	- 1.1651 * ammonia_pump_flow_2 "
"1938","	- 0.6051 * Tempered_Water_Temperature_before_Temped_water_cooler "
"1939","	+ 0.0369 * Cooling_Water_Return_for_Temped_System "
"1940","	- 0.6636 * magnesium.potassium_flow "
"1941","	+ 0.1184 * oxygen_totaliser "
"1942","	+ 0.0411 * O2_Ch4_ratio.staion2 "
"1943","	- 0.027 * O2_Ch4_ratio.staion4 "
"1944","	+ 0.0167 * Final.OD "
"1945","	- 0.0188 * DCW.CPI..g.L. "
"1946","	+ 0.0513 * NH4.Offline..ppm. "
"1947","	- 18.3683 * Offline.pH "
"1948","	- 0.0222 * NH4.Productivity..kg.DCW.h. "
"1949","	+ 90.5578 [57/15.513%]"
"1950","Rule: 41"
"1951","IF"
"1952","	ammonia_pump_flow_2 <= 0.65"
"1953","	LEL_in_offgas <= 7.05"
"1954","	DCW.CPI..g.L. > 3.013"
"1955","	pH_at_stn1 > 6.15"
"1956","	oxygen_flow_stn1 > 3.35"
"1957","	Final.OD > 21.019"
"1958","THEN"
"1959","interpolated_acetic = "
"1960","	-0.4499 * vessel "
"1961","	+ 12.0227 * pH_at_stn1 "
"1962","	+ 6.4967 * CH4_in_offgas "
"1963","	- 1.4627 * CO2_in_offgas "
"1964","	+ 0.0664 * LEL_in_offgas "
"1965","	+ 0.1594 * dissolved_oxygen_at_stn2 "
"1966","	- 0.0742 * methane_flow_stn1 "
"1967","	+ 0.1873 * oxygen_flow_stn1 "
"1968","	+ 0.082 * NH3_online_reading "
"1969","	- 0.6276 * optical_density "
"1970","	- 0.2904 * ammonia_pump_flow_1 "
"1971","	- 0.0296 * Cooling_Water_Return_for_Temped_System "
"1972","	- 0.0895 * O2_Ch4_ratio.staion4 "
"1973","	+ 0.4045 * Final.OD "
"1974","	- 0.0293 * DCW.CPI..g.L. "
"1975","	+ 0.0818 * NH4.Offline..ppm. "
"1976","	+ 0.0134 * LEL.... "
"1977","	- 0.1696 * NH4.Productivity..kg.DCW.h. "
"1978","	- 58.7418 [17/2.085%]"
"1979","Rule: 42"
"1980","IF"
"1981","	ammonia_pump_flow_2 > 0.65"
"1982","	NH3_online_reading > 11.15"
"1983","	LEL.... <= 13.243"
"1984","	NH4.Offline..ppm. > 3.176"
"1985","	DCW.CPI..g.L. <= 7.355"
"1986","	O2_Ch4_ratio.staion2 <= 1.546"
"1987","THEN"
"1988","interpolated_acetic = "
"1989","	-0.7382 * vessel "
"1990","	+ 0.5363 * CH4_in_offgas "
"1991","	+ 0.0171 * LEL_in_offgas "
"1992","	+ 0.0358 * dissolved_oxygen_at_stn3 "
"1993","	+ 0.0657 * dissolved_oxygen_at_stn4 "
"1994","	- 0.1538 * methane_flow_stn1 "
"1995","	+ 0.0123 * NH3_online_reading "
"1996","	- 0.4859 * ammonia_pump_flow_1 "
"1997","	+ 0.0643 * Cooling_Water_Return_for_Temped_System "
"1998","	- 0.2061 * magnesium.potassium_flow "
"1999","	- 0.0089 * Fermentor_fliud_to_ammonia_._OD_meter_L.h "
"2000","	+ 0.2209 * O2_Ch4_ratio.staion2 "
"2001","	- 0.1846 * O2_Ch4_ratio.staion4 "
"2002","	- 0.0492 * DCW.CPI..g.L. "
"2003","	- 0.0258 * NH4.Offline..ppm. "
"2004","	+ 0.0009 * LEL.... "
"2005","	- 0.0639 * NH4.Productivity..kg.DCW.h. "
"2006","	+ 34.0877 [17/3.529%]"
"2007","Rule: 43"
"2008","IF"
"2009","	ammonia_pump_flow_2 <= 0.65"
"2010","	CH4_in_offgas > 0.25"
"2011","	NH4.Offline..ppm. > 2.8"
"2012","THEN"
"2013","interpolated_acetic = "
"2014","	-0.7953 * vessel "
"2015","	+ 2.6162 * CH4_in_offgas "
"2016","	- 0.0375 * LEL_in_offgas "
"2017","	- 0.5456 * dissolved_oxygen_at_stn2 "
"2018","	+ 0.221 * dissolved_oxygen_at_stn4 "
"2019","	- 0.0307 * methane_flow_stn1 "
"2020","	+ 0.0003 * NH3_online_reading "
"2021","	- 0.0929 * ammonia_pump_flow_1 "
"2022","	- 0.1712 * Tempered_Water_Temperature_after_Temped_water_cooler "
"2023","	- 0.4466 * magnesium.potassium_flow "
"2024","	- 0.0105 * Fermentor_fliud_to_ammonia_._OD_meter_L.h "
"2025","	- 0.0721 * O2_Ch4_ratio.staion4 "
"2026","	- 0.0695 * Final.OD "
"2027","	+ 0.251 * NH4.Offline..ppm. "
"2028","	+ 0.2848 * LEL.... "
"2029","	- 0.062 * NH4.Productivity..kg.DCW.h. "
"2030","	+ 50.3635 [15/5.523%]"
"2031","Rule: 44"
"2032","IF"
"2033","	ammonia_pump_flow_2 <= 0.65"
"2034","	dissolved_oxygen_at_stn2 <= 2.95"
"2035","	O2_Ch4_ratio.staion4 > 9.583"
"2036","	NH3_online_reading <= 19.7"
"2037","THEN"
"2038","interpolated_acetic = "
"2039","	1.5212 * CH4_in_offgas "
"2040","	- 0.325 * CO2_in_offgas "
"2041","	+ 0.0749 * LEL_in_offgas "
"2042","	- 0.4608 * dissolved_oxygen_at_stn2 "
"2043","	+ 0.2519 * dissolved_oxygen_at_stn3 "
"2044","	+ 0.0586 * dissolved_oxygen_at_stn4 "
"2045","	- 0.183 * methane_flow_stn1 "
"2046","	- 0.1621 * oxygen_flow_stn3 "
"2047","	+ 0.088 * NH3_online_reading "
"2048","	- 0.3255 * ammonia_pump_flow_1 "
"2049","	- 0.2848 * Cooling_Loop_A_Broth_Return_to_Fermenter_mixer_ "
"2050","	- 0.0399 * Cooling_Water_Return_for_Temped_System "
"2051","	+ 0.7508 * Methane_totalier "
"2052","	- 1.038 * O2_Ch4_ratio.staion1 "
"2053","	- 0.0204 * O2_Ch4_ratio.staion4 "
"2054","	- 0.0126 * Final.OD "
"2055","	- 0.0474 * DCW.CPI..g.L. "
"2056","	+ 1.0776 * Offline.pH "
"2057","	- 0.0899 * NH4.Productivity..kg.DCW.h. "
"2058","	+ 9.5159 [15/9.679%]"
"2059","Rule: 45"
"2060","IF"
"2061","	ammonia_pump_flow_2 <= 0.65"
"2062","	dissolved_oxygen_at_stn2 <= 2.95"
"2063","	O2_Ch4_ratio.staion4 > 10.152"
"2064","	oxygen_flow_stn3 <= 1.25"
"2065","THEN"
"2066","interpolated_acetic = "
"2067","	-0.7969 * vessel "
"2068","	+ 3.2505 * CH4_in_offgas "
"2069","	+ 0.0881 * LEL_in_offgas "
"2070","	- 0.5293 * dissolved_oxygen_at_stn2 "
"2071","	+ 0.1246 * dissolved_oxygen_at_stn3 "
"2072","	+ 0.1173 * dissolved_oxygen_at_stn4 "
"2073","	+ 0.048 * methane_flow_stn1 "
"2074","	+ 0.4106 * oxygen_flow_stn3 "
"2075","	+ 0.1536 * NH3_online_reading "
"2076","	+ 0.2704 * ammonia_pump_flow_1 "
"2077","	- 1.8959 * ammonia_pump_flow_2 "
"2078","	- 0.0926 * Tempered_Water_Temperature_after_Temped_water_cooler "
"2079","	+ 0.11 * Cooling_Water_Return_for_Temped_System "
"2080","	+ 0.8295 * pump_inlet "
"2081","	- 0.9939 * O2_Ch4_ratio.staion1 "
"2082","	+ 0.0194 * O2_Ch4_ratio.staion4 "
"2083","	- 0.0631 * Final.OD "
"2084","	- 0.0319 * DCW.CPI..g.L. "
"2085","	+ 1.3417 * Offline.pH "
"2086","	+ 29.8276 [14/2.777%]"
"2087","Rule: 46"
"2088","IF"
"2089","	ammonia_pump_flow_2 > 0.65"
"2090","	NH3_online_reading <= 11.15"
"2091","	O2_Ch4_ratio.staion4 > 1.032"
"2092","	NH3_online_reading <= 9.15"
"2093","THEN"
"2094","interpolated_acetic = "
"2095","	-1.79 * vessel "
"2096","	+ 1.271 * CH4_in_offgas "
"2097","	+ 0.228 * dissolved_oxygen_at_stn1 "
"2098","	- 0.138 * dissolved_oxygen_at_stn2 "
"2099","	+ 0.0297 * dissolved_oxygen_at_stn3 "
"2100","	+ 0.1306 * dissolved_oxygen_at_stn4 "
"2101","	- 0.0967 * methane_flow_stn1 "
"2102","	- 0.1186 * NH3_online_reading "
"2103","	- 1.7977 * ammonia_pump_flow_1 "
"2104","	- 0.6444 * ammonia_pump_flow_2 "
"2105","	+ 0.2241 * Cooling_Water_Return_for_Temped_System "
"2106","	+ 0.1681 * O2_Ch4_ratio.staion1 "
"2107","	- 0.0645 * O2_Ch4_ratio.staion4 "
"2108","	- 0.0398 * Final.OD "
"2109","	- 0.0066 * DCW.CPI..g.L. "
"2110","	- 0.076 * NH4.Offline..ppm. "
"2111","	- 0.1199 * Offline.pH "
"2112","	+ 0.2359 * NH4.Productivity..kg.DCW.h. "
"2113","	+ 79.764 [14/3.12%]"
"2114","Rule: 47"
"2115","IF"
"2116","	ammonia_pump_flow_2 > 0.65"
"2117","	NH3_online_reading > 11.15"
"2118","	Tempered_Water_Temperature_after_Temped_water_cooler > 40.75"
"2119","	DCW.CPI..g.L. <= 7.379"
"2120","THEN"
"2121","interpolated_acetic = "
"2122","	-0.61 * vessel "
"2123","	+ 0.3215 * CH4_in_offgas "
"2124","	- 0.1809 * dissolved_oxygen_at_stn2 "
"2125","	+ 0.0624 * dissolved_oxygen_at_stn3 "
"2126","	+ 0.3271 * dissolved_oxygen_at_stn4 "
"2127","	- 0.2035 * methane_flow_stn1 "
"2128","	+ 0.1011 * oxygen_flow_stn1 "
"2129","	- 0.0057 * NH3_online_reading "
"2130","	- 0.2543 * ammonia_pump_flow_1 "
"2131","	- 0.9173 * ammonia_pump_flow_2 "
"2132","	+ 0.0564 * Tempered_Water_Temperature_after_Temped_water_cooler "
"2133","	+ 0.2201 * Cooling_Water_Return_for_Temped_System "
"2134","	- 0.0414 * O2_Ch4_ratio.staion4 "
"2135","	+ 0.0043 * Final.OD "
"2136","	- 0.1063 * DCW.CPI..g.L. "
"2137","	- 0.0551 * NH4.Offline..ppm. "
"2138","	+ 2.1181 * Offline.pH "
"2139","	+ 6.3732 [14/3.534%]"
"2140","Rule: 48"
"2141","IF"
"2142","	ammonia_pump_flow_2 > 0.65"
"2143","	NH3_online_reading > 11.25"
"2144","	dissolved_oxygen_at_stn4 <= 2.55"
"2145","THEN"
"2146","interpolated_acetic = "
"2147","	-0.8245 * vessel "
"2148","	+ 0.3208 * CH4_in_offgas "
"2149","	- 0.1867 * dissolved_oxygen_at_stn2 "
"2150","	+ 0.1007 * dissolved_oxygen_at_stn3 "
"2151","	+ 0.2539 * dissolved_oxygen_at_stn4 "
"2152","	+ 0.0564 * methane_flow_stn1 "
"2153","	- 0.1211 * oxygen_flow_stn1 "
"2154","	- 0.009 * NH3_online_reading "
"2155","	- 0.5719 * ammonia_pump_flow_1 "
"2156","	- 1.0785 * ammonia_pump_flow_2 "
"2157","	+ 0.2791 * Cooling_Water_Return_for_Temped_System "
"2158","	- 0.0452 * oxygen_totaliser "
"2159","	+ 0.3998 * O2_Ch4_ratio.staion1 "
"2160","	- 0.0596 * O2_Ch4_ratio.staion4 "
"2161","	+ 0.0159 * Final.OD "
"2162","	- 0.0935 * NH4.Offline..ppm. "
"2163","	+ 2.9477 * Offline.pH "
"2164","	+ 10.9514 [18/1.992%]"
"2165","Rule: 49"
"2166","IF"
"2167","	ammonia_pump_flow_1 <= 1.45"
"2168","	dissolved_oxygen_at_stn2 <= 2.95"
"2169","	O2_Ch4_ratio.staion1 <= 1.437"
"2170","THEN"
"2171","interpolated_acetic = "
"2172","	-0.9081 * vessel "
"2173","	+ 11.1605 * CH4_in_offgas "
"2174","	+ 0.2659 * LEL_in_offgas "
"2175","	- 0.4629 * dissolved_oxygen_at_stn2 "
"2176","	+ 0.2282 * dissolved_oxygen_at_stn3 "
"2177","	+ 1.1724 * methane_flow_stn5 "
"2178","	- 0.241 * oxygen_flow_stn1 "
"2179","	+ 0.0343 * NH3_online_reading "
"2180","	- 1.8622 * optical_density "
"2181","	- 0.7801 * ammonia_pump_flow_1 "
"2182","	+ 2.0965 * pump_inlet "
"2183","	- 1.7093 * O2_Ch4_ratio.staion1 "
"2184","	- 0.0915 * Final.OD "
"2185","	+ 0.1153 * DCW.CPI..g.L. "
"2186","	+ 0.0116 * K..ppm. "
"2187","	+ 45.5182 [25/35.38%]"
"2188","Rule: 50"
"2189","IF"
"2190","	methane_flow_stn1 > 6.2"
"2191","	methane_flow_stn5 <= 1.95"
"2192","	K..ppm. <= 36.621"
"2193","	Final.OD <= 31.547"
"2194","	NH3_online_reading > 7.65"
"2195","THEN"
"2196","interpolated_acetic = "
"2197","	-0.4044 * vessel "
"2198","	+ 2.9809 * pH_at_stn5 "
"2199","	- 0.0251 * LEL_in_offgas "
"2200","	+ 0.7741 * dissolved_oxygen_at_stn1 "
"2201","	+ 0.3635 * dissolved_oxygen_at_stn2 "
"2202","	- 0.2217 * dissolved_oxygen_at_stn3 "
"2203","	+ 0.1131 * dissolved_oxygen_at_stn4 "
"2204","	+ 0.6314 * methane_flow_stn5 "
"2205","	+ 0.124 * oxygen_flow_stn2 "
"2206","	- 0.0164 * NH3_online_reading "
"2207","	- 0.2062 * ammonia_pump_flow_1 "
"2208","	+ 0.175 * ammonia_pump_flow_2 "
"2209","	- 0.0889 * Tempered_Water_Temperature_before_Temped_water_cooler "
"2210","	- 0.047 * Fermentor_fliud_to_ammonia_._OD_meter_L.h "
"2211","	- 0.1372 * Final.OD "
"2212","	- 0.0317 * K..ppm. "
"2213","	+ 10.7855 [17/7.956%]"
"2214","Rule: 51"
"2215","IF"
"2216","	O2_Ch4_ratio.staion4 > 0.989"
"2217","	NH3_online_reading > 10.5"
"2218","	LEL_in_offgas <= 12.6"
"2219","	dissolved_oxygen_at_stn4 <= 4.2"
"2220","THEN"
"2221","interpolated_acetic = "
"2222","	-0.8619 * vessel "
"2223","	- 0.1367 * Level_on_the_seperator "
"2224","	- 0.6669 * CH4_in_offgas "
"2225","	+ 0.1367 * CO2_in_offgas "
"2226","	+ 0.0097 * LEL_in_offgas "
"2227","	- 0.2682 * dissolved_oxygen_at_stn1 "
"2228","	- 0.1765 * dissolved_oxygen_at_stn2 "
"2229","	+ 0.1363 * dissolved_oxygen_at_stn4 "
"2230","	- 0.0578 * NH3_online_reading "
"2231","	+ 0.2571 * Tempered_Water_Temperature_before_Temped_water_cooler "
"2232","	+ 0.049 * Cooling_Water_Return_for_Temped_System "
"2233","	- 4.5918 * oxygen_pressure_to_fermentor_loop_mixture "
"2234","	+ 0.0127 * O2_Ch4_ratio.staion4 "
"2235","	- 0.0554 * Final.OD "
"2236","	+ 67.4553 [20/11.245%]"
"2237","Rule: 52"
"2238","IF"
"2239","	methane_flow_stn1 > 6.2"
"2240","	methane_flow_stn5 <= 1.95"
"2241","	Cooling_Water_Return_for_Temped_System > 36.25"
"2242","THEN"
"2243","interpolated_acetic = "
"2244","	-1.0313 * vessel "
"2245","	+ 0.0265 * Level_on_the_seperator "
"2246","	+ 3.0737 * pH_at_stn5 "
"2247","	+ 0.1606 * dissolved_oxygen_at_stn4 "
"2248","	+ 0.8894 * methane_flow_stn5 "
"2249","	- 0.0423 * NH3_online_reading "
"2250","	- 0.4436 * optical_density "
"2251","	- 2.0041 * ammonia_pump_flow_2 "
"2252","	+ 0.4468 * Cooling_Water_Return_for_Temped_System "
"2253","	- 0.0302 * Fermentor_fliud_to_ammonia_._OD_meter_L.h "
"2254","	+ 0.001 * Final.OD "
"2255","	+ 0.0068 * DCW.CPI..g.L. "
"2256","	- 0.1489 * NH4.Offline..ppm. "
"2257","	+ 0.1009 * NH4.Productivity..kg.DCW.h. "
"2258","	+ 13.0297 [24/7.31%]"
"2259","Rule: 53"
"2260","IF"
"2261","	O2_Ch4_ratio.staion4 > 0.984"
"2262","	vessel <= 45.25"
"2263","	Final.OD <= 30.656"
"2264","THEN"
"2265","interpolated_acetic = "
"2266","	-4.7114 * vessel "
"2267","	+ 4.1101 * harvest_flow "
"2268","	- 0.0717 * dissolved_oxygen_at_stn2 "
"2269","	- 0.0167 * methane_flow_stn1 "
"2270","	- 0.2503 * oxygen_flow_stn3 "
"2271","	- 2.7041 * ammonia_pump_flow_1 "
"2272","	+ 0.1577 * Cooling_Water_Return_for_Temped_System "
"2273","	- 0.0272 * Methane_totalier "
"2274","	- 0.0255 * Fermentor_fliud_to_ammonia_._OD_meter_L.h "
"2275","	- 0.162 * O2_Ch4_ratio.staion4 "
"2276","	- 0.0268 * Final.OD "
"2277","	- 0.0689 * DCW.CPI..g.L. "
"2278","	+ 215.8406 [16/26.812%]"
"2279","Rule: 54"
"2280","IF"
"2281","	dissolved_oxygen_at_stn4 > 2.65"
"2282","	harvest_flow > 0.35"
"2283","THEN"
"2284","interpolated_acetic = "
"2285","	0.1951 * dissolved_oxygen_at_stn3 "
"2286","	+ 0.1411 * dissolved_oxygen_at_stn4 "
"2287","	- 0.092 * NH3_online_reading "
"2288","	- 0.0481 * Fermentor_fliud_to_ammonia_._OD_meter_L.h "
"2289","	- 0.4351 * NH4.Offline..ppm. "
"2290","	+ 3.4288 [14/7.066%]"
"2291","Rule: 55"
"2292","IF"
"2293","	dissolved_oxygen_at_stn2 <= 2.4"
"2294","THEN"
"2295","interpolated_acetic = "
"2296","	0.1536 * dissolved_oxygen_at_stn2 "
"2297","	- 0.1801 [7/0%]"
"2298","Rule: 56"
"2299","interpolated_acetic = "
"2300","	+ 0.5651 [6/100%]"
